id,age,salary,experience_years,department,city,performance_score,bonus,working_hours,satisfaction_level
1,56.0,125186.0,2.0,Finance,Bangalore,2.69,18771.0,56,0.69
2,69.0,54674.0,39.0,HR,Delhi,1.34,,51,0.28
3,46.0,55854.0,33.0,Sales,Pune,3.43,42330.0,45,0.69
4,32.0,66271.0,39.0,HR,Mumbai,4.52,29320.0,30,0.31
5,60.0,93688.0,26.0,Marketing,Delhi,4.53,4340.0,41,0.76
6,25.0,,,Marketing,Ahmedabad,3.64,34924.0,53,0.62
7,38.0,131076.0,32.0,Marketing,Mumbai,1.84,16184.0,31,0.08
8,56.0,30267.0,5.0,HR,Pune,4.45,40734.0,50,0.51
9,36.0,110825.0,23.0,Finance,Pune,4.54,2580.0,54,0.34
10,40.0,21062.0,18.0,Finance,Ahmedabad,1.79,40025.0,37,0.33
11,28.0,136664.0,15.0,IT,Ahmedabad,3.95,28967.0,47,0.6
12,,70448.0,39.0,Marketing,Mumbai,2.15,2159.0,54,0.32
13,41.0,115462.0,27.0,Finance,Bangalore,4.21,48940.0,45,0.78
14,53.0,,32.0,IT,Ahmedabad,4.99,13900.0,34,0.07
15,57.0,76793.0,12.0,Finance,Bangalore,1.12,11440.0,55,0.66
16,41.0,,,Marketing,Delhi,4.59,14678.0,59,0.81
17,20.0,67915.0,,Sales,Pune,3.49,47204.0,51,0.67
18,39.0,24632.0,26.0,Marketing,Bangalore,4.89,,42,0.5
19,19.0,124592.0,37.0,HR,Pune,2.86,6772.0,48,0.95
20,41.0,23596.0,6.0,Finance,Bangalore,4.39,1627.0,58,0.3
21,61.0,129779.0,4.0,Finance,Delhi,1.25,44432.0,32,0.02
22,,26168.0,30.0,HR,Ahmedabad,2.34,8219.0,55,0.43
23,55.0,128099.0,22.0,HR,Delhi,,,37,0.03
24,19.0,27561.0,9.0,Sales,Ahmedabad,4.9,30232.0,56,0.95
25,38.0,93794.0,31.0,Finance,Ahmedabad,4.27,42481.0,55,0.21
26,50.0,102152.0,29.0,Finance,Pune,4.41,8488.0,55,0.79
27,29.0,145036.0,38.0,Sales,Delhi,4.75,34949.0,41,0.77
28,39.0,144049.0,30.0,IT,Bangalore,1.34,44362.0,31,0.22
29,,46734.0,17.0,Sales,Delhi,2.54,39932.0,40,0.62
30,42.0,26371.0,35.0,Marketing,Pune,1.28,18981.0,41,0.05
31,66.0,138894.0,1.0,Finance,Ahmedabad,1.84,,57,0.48
32,44.0,46069.0,13.0,HR,Pune,1.92,22444.0,47,0.01
33,59.0,99905.0,,Marketing,Mumbai,,42058.0,42,0.92
34,,,28.0,Finance,Mumbai,2.07,18061.0,34,0.98
35,,93479.0,11.0,Sales,Bangalore,1.4,2881.0,51,0.22
36,32.0,97735.0,,Marketing,Pune,1.67,29863.0,41,0.21
37,64.0,101264.0,1.0,Finance,Bangalore,1.59,45826.0,31,0.75
38,68.0,43275.0,31.0,IT,Bangalore,4.89,5622.0,34,0.25
39,,92274.0,12.0,IT,Mumbai,4.04,1378.0,36,0.9
40,69.0,101449.0,26.0,HR,Bangalore,4.87,17632.0,55,0.57
41,20.0,120776.0,16.0,Finance,Mumbai,2.76,,55,0.35
42,54.0,80004.0,39.0,IT,Ahmedabad,2.11,5650.0,53,0.83
43,68.0,82981.0,30.0,Sales,Pune,4.19,45201.0,41,0.49
44,24.0,104659.0,33.0,Finance,Bangalore,2.31,42224.0,45,0.91
45,,,23.0,Sales,Mumbai,2.2,7036.0,52,0.93
46,26.0,,34.0,Sales,Delhi,1.93,39255.0,37,0.17
47,56.0,54529.0,5.0,IT,Bangalore,1.52,22499.0,59,0.0
48,35.0,146394.0,18.0,Finance,Ahmedabad,2.03,37016.0,57,0.98
49,21.0,95703.0,29.0,Marketing,Ahmedabad,,4603.0,38,0.91
50,42.0,,,IT,Delhi,3.7,27773.0,44,0.06
51,31.0,37260.0,9.0,IT,Mumbai,1.25,19937.0,34,0.83
52,67.0,132581.0,31.0,Finance,Bangalore,1.84,12632.0,42,0.46
53,26.0,23812.0,33.0,Finance,Mumbai,4.24,30607.0,34,0.26
54,43.0,48024.0,27.0,Sales,Ahmedabad,1.59,26337.0,40,0.88
55,19.0,78656.0,14.0,Finance,Mumbai,2.37,220.0,39,0.2
56,37.0,136148.0,29.0,Sales,Ahmedabad,4.46,46994.0,49,0.95
57,45.0,47285.0,36.0,IT,Mumbai,1.62,4818.0,42,0.21
58,64.0,,28.0,HR,Delhi,1.33,7349.0,38,0.61
59,24.0,136421.0,21.0,Marketing,Pune,2.94,,50,0.22
60,61.0,21605.0,3.0,IT,Delhi,2.21,27464.0,43,0.55
61,25.0,91158.0,19.0,Finance,Delhi,3.25,42624.0,47,0.68
62,64.0,92303.0,31.0,Marketing,Pune,4.22,37344.0,44,0.19
63,52.0,47139.0,35.0,HR,Pune,1.55,18255.0,39,0.52
64,31.0,97149.0,3.0,HR,Bangalore,3.32,,53,0.47
65,34.0,,26.0,Sales,Bangalore,3.02,47975.0,36,0.07
66,53.0,138205.0,16.0,Marketing,Delhi,1.58,1462.0,37,0.82
67,67.0,96125.0,11.0,Sales,Delhi,3.5,15905.0,57,0.34
68,57.0,33918.0,21.0,IT,Ahmedabad,2.09,24920.0,32,0.57
69,21.0,105655.0,16.0,Marketing,Ahmedabad,2.95,16252.0,44,0.51
70,19.0,47446.0,,IT,Bangalore,,41004.0,45,0.51
71,23.0,144040.0,,Sales,Bangalore,2.84,,33,0.11
72,59.0,33046.0,21.0,Marketing,Ahmedabad,2.23,34836.0,50,0.42
73,21.0,149922.0,25.0,Sales,Ahmedabad,4.29,5753.0,35,0.45
74,46.0,44818.0,17.0,Marketing,Mumbai,1.23,40005.0,30,0.73
75,35.0,120894.0,13.0,Sales,Mumbai,2.67,,33,0.84
76,43.0,135751.0,28.0,HR,Ahmedabad,2.83,6191.0,40,0.54
77,61.0,24324.0,11.0,Sales,Mumbai,3.9,17898.0,41,0.09
78,51.0,96323.0,35.0,HR,Pune,3.3,18982.0,55,0.24
79,27.0,29111.0,,Sales,Bangalore,3.67,14622.0,58,0.16
80,,58110.0,11.0,Marketing,Bangalore,4.11,,34,0.12
81,31.0,36389.0,6.0,Marketing,Ahmedabad,4.45,47645.0,52,0.37
82,48.0,142177.0,28.0,Marketing,Delhi,2.26,43000.0,58,0.23
83,65.0,61427.0,10.0,Finance,Ahmedabad,3.15,23283.0,50,0.22
84,32.0,99579.0,32.0,IT,Mumbai,4.36,21435.0,45,0.05
85,25.0,48746.0,5.0,Marketing,Delhi,,27223.0,42,0.02
86,31.0,142883.0,14.0,HR,Mumbai,4.56,37244.0,42,0.1
87,,107886.0,31.0,Marketing,Pune,2.49,30024.0,46,0.17
88,57.0,127141.0,10.0,Finance,Mumbai,,49630.0,56,0.43
89,38.0,20117.0,22.0,HR,Pune,2.96,30734.0,36,0.51
90,33.0,145808.0,25.0,Finance,Pune,3.97,515.0,37,0.14
91,62.0,132221.0,,HR,Mumbai,2.97,45246.0,42,0.42
92,35.0,104471.0,33.0,Sales,Mumbai,2.93,1191.0,52,0.34
93,64.0,132613.0,28.0,IT,Pune,4.35,32264.0,56,0.18
94,41.0,33234.0,3.0,IT,Delhi,2.45,,45,0.01
95,,149597.0,16.0,Finance,Pune,4.44,46216.0,59,0.47
96,42.0,123864.0,34.0,IT,Bangalore,2.63,6297.0,58,0.69
97,,73441.0,12.0,Finance,Pune,2.31,27856.0,33,0.23
98,58.0,,38.0,Finance,Delhi,,,37,0.13
99,46.0,,14.0,Finance,Bangalore,,8334.0,45,0.89
100,32.0,99239.0,28.0,IT,Ahmedabad,1.5,24162.0,50,0.28
101,62.0,133689.0,28.0,Finance,Ahmedabad,1.79,6008.0,39,0.22
102,18.0,66514.0,10.0,IT,Delhi,4.81,7987.0,54,0.86
103,42.0,108236.0,,Finance,Pune,1.7,30966.0,41,0.82
104,24.0,117579.0,,Marketing,Mumbai,3.27,3332.0,41,0.45
105,26.0,148644.0,13.0,Finance,Delhi,3.32,787.0,55,0.49
106,41.0,26469.0,,HR,Bangalore,2.96,38990.0,34,0.22
107,18.0,50105.0,21.0,Finance,Bangalore,3.58,9873.0,45,0.08
108,,62101.0,10.0,Sales,Ahmedabad,1.92,17006.0,30,0.57
109,25.0,84323.0,26.0,Finance,Bangalore,3.21,20225.0,57,0.1
110,41.0,111922.0,,HR,Delhi,2.49,36444.0,38,0.45
111,28.0,78067.0,16.0,HR,Bangalore,3.65,35340.0,41,0.94
112,68.0,69376.0,27.0,IT,Delhi,,39683.0,34,0.95
113,34.0,65587.0,28.0,Marketing,Mumbai,3.28,5033.0,51,0.24
114,25.0,56976.0,,Finance,Ahmedabad,1.74,7788.0,49,0.62
115,52.0,124587.0,15.0,IT,Bangalore,2.11,15689.0,51,0.47
116,52.0,147534.0,36.0,Marketing,Delhi,1.87,44220.0,57,0.88
117,,87584.0,19.0,Finance,Pune,1.73,21598.0,53,0.27
118,22.0,124537.0,5.0,Sales,Ahmedabad,4.3,37480.0,32,0.0
119,59.0,98477.0,18.0,Finance,Mumbai,2.14,29703.0,34,0.16
120,56.0,130911.0,4.0,HR,Delhi,4.71,66.0,31,0.35
121,,62533.0,2.0,HR,Mumbai,4.88,48623.0,43,0.32
122,45.0,21828.0,0.0,Sales,Mumbai,3.29,,31,0.79
123,24.0,21917.0,37.0,IT,Bangalore,1.57,7533.0,42,0.68
124,26.0,40618.0,,Marketing,Bangalore,2.5,15103.0,36,0.3
125,25.0,52254.0,33.0,Finance,Delhi,4.19,4616.0,39,0.46
126,29.0,125292.0,,HR,Pune,2.47,46045.0,42,0.1
127,,136714.0,24.0,IT,Delhi,1.35,38498.0,45,0.9
128,50.0,67362.0,23.0,Sales,Pune,3.23,43492.0,55,0.94
129,,40128.0,11.0,HR,Mumbai,,11772.0,43,0.98
130,40.0,,17.0,Sales,Ahmedabad,4.18,23849.0,40,0.87
131,41.0,131281.0,14.0,Finance,Delhi,,49036.0,39,0.17
132,54.0,79383.0,15.0,Marketing,Delhi,3.69,12940.0,35,0.05
133,52.0,,26.0,HR,Pune,1.88,16932.0,33,0.58
134,61.0,102180.0,7.0,HR,Mumbai,1.87,29769.0,50,0.91
135,57.0,107958.0,24.0,Finance,Mumbai,4.5,24648.0,30,0.18
136,39.0,29865.0,16.0,IT,Pune,2.0,47411.0,36,0.01
137,44.0,22219.0,28.0,Marketing,Mumbai,,32966.0,53,0.81
138,52.0,59809.0,7.0,HR,Bangalore,1.0,27777.0,38,0.08
139,18.0,136748.0,14.0,Marketing,Ahmedabad,4.48,32567.0,37,0.41
140,52.0,25287.0,26.0,HR,Delhi,4.17,49723.0,34,0.68
141,54.0,146593.0,6.0,Marketing,Ahmedabad,3.51,17174.0,48,0.24
142,64.0,54387.0,2.0,Sales,Delhi,4.0,42598.0,39,0.08
143,31.0,28512.0,28.0,HR,Bangalore,,13798.0,40,0.77
144,20.0,21342.0,23.0,Marketing,Mumbai,2.83,17558.0,54,0.63
145,18.0,83076.0,2.0,IT,Pune,2.4,44237.0,44,0.99
146,22.0,128872.0,19.0,Sales,Bangalore,1.38,178.0,35,0.34
147,43.0,39216.0,14.0,Sales,Ahmedabad,2.94,20470.0,44,0.06
148,31.0,137512.0,24.0,IT,Pune,,17118.0,34,0.73
149,56.0,136682.0,29.0,Marketing,Mumbai,1.16,22616.0,58,0.52
150,44.0,113070.0,13.0,Finance,Bangalore,2.17,798.0,48,0.21
151,26.0,99767.0,6.0,IT,Pune,1.83,7601.0,51,0.78
152,32.0,,,Marketing,Bangalore,1.95,25363.0,48,0.2
153,32.0,46614.0,19.0,IT,Bangalore,4.63,2795.0,39,0.26
154,43.0,56258.0,35.0,IT,Mumbai,2.87,31926.0,41,0.09
155,,113789.0,8.0,HR,Delhi,2.87,45264.0,51,0.4
156,30.0,,37.0,Marketing,Pune,4.04,37356.0,33,0.42
157,68.0,126288.0,21.0,Finance,Mumbai,1.62,7297.0,47,0.51
158,49.0,,1.0,HR,Bangalore,2.95,3084.0,45,0.71
159,56.0,116573.0,23.0,IT,Mumbai,2.72,30329.0,37,0.91
160,66.0,32219.0,7.0,IT,Delhi,3.39,11110.0,33,0.14
161,69.0,20235.0,10.0,IT,Pune,5.0,731.0,54,0.05
162,49.0,,12.0,Marketing,Delhi,4.08,1129.0,52,0.02
163,21.0,147309.0,16.0,Marketing,Ahmedabad,2.59,28022.0,41,0.14
164,47.0,87444.0,7.0,HR,Pune,4.31,,31,0.66
165,54.0,28567.0,20.0,Finance,Delhi,1.68,,33,0.73
166,40.0,121834.0,17.0,HR,Bangalore,1.12,43705.0,34,0.79
167,56.0,90792.0,29.0,Sales,Pune,,44130.0,32,0.24
168,62.0,85441.0,17.0,IT,Pune,2.36,29265.0,38,0.31
169,32.0,104555.0,,IT,Mumbai,,32330.0,58,0.48
170,,93698.0,37.0,IT,Bangalore,3.46,2933.0,50,0.06
171,46.0,144450.0,31.0,HR,Ahmedabad,4.64,15187.0,47,0.61
172,53.0,137248.0,10.0,HR,Delhi,3.04,25791.0,40,0.98
173,30.0,25415.0,24.0,IT,Mumbai,3.01,24900.0,32,0.36
174,49.0,56159.0,32.0,HR,Delhi,1.2,5074.0,59,0.75
175,24.0,63925.0,37.0,Marketing,Ahmedabad,1.14,,54,0.5
176,68.0,146523.0,7.0,Marketing,Ahmedabad,3.2,26426.0,52,0.13
177,39.0,25951.0,10.0,HR,Pune,,,31,0.58
178,45.0,107388.0,21.0,IT,Ahmedabad,4.36,893.0,38,0.3
179,19.0,28007.0,23.0,HR,Delhi,1.64,34158.0,43,0.03
180,59.0,146730.0,16.0,HR,Bangalore,1.1,19773.0,33,0.63
181,,61832.0,11.0,HR,Bangalore,,4239.0,58,0.86
182,23.0,,31.0,Sales,Pune,1.95,20863.0,38,0.34
183,45.0,141101.0,14.0,Marketing,Delhi,1.2,3432.0,42,0.39
184,45.0,50523.0,15.0,Finance,Delhi,,35139.0,47,0.89
185,,108861.0,21.0,Finance,Ahmedabad,1.45,1515.0,44,0.81
186,61.0,144194.0,27.0,Sales,Delhi,3.43,31670.0,57,0.71
187,37.0,106740.0,19.0,HR,Mumbai,2.12,48674.0,39,0.25
188,47.0,35524.0,32.0,Sales,Ahmedabad,1.69,39094.0,45,0.91
189,28.0,149028.0,9.0,Sales,Mumbai,2.52,,41,0.15
190,45.0,39282.0,39.0,IT,Pune,4.21,5586.0,49,0.63
191,42.0,43930.0,31.0,Marketing,Bangalore,2.57,,34,0.03
192,56.0,20077.0,32.0,Finance,Pune,4.0,48669.0,31,0.64
193,50.0,125881.0,1.0,HR,Bangalore,1.5,31186.0,39,0.28
194,18.0,145501.0,,Finance,Pune,4.09,26928.0,30,0.45
195,,40611.0,32.0,Finance,Delhi,1.95,32728.0,36,0.35
196,69.0,,12.0,Marketing,Mumbai,3.71,17551.0,55,0.17
197,30.0,34060.0,29.0,Finance,Bangalore,,21493.0,46,0.62
198,58.0,102985.0,32.0,Finance,Ahmedabad,4.72,20711.0,45,0.88
199,20.0,104056.0,,Sales,Mumbai,2.55,20039.0,56,0.96
200,56.0,145329.0,25.0,Marketing,Ahmedabad,1.26,36561.0,56,0.19
201,23.0,63303.0,21.0,IT,Mumbai,1.08,9947.0,53,0.72
202,25.0,79207.0,38.0,HR,Mumbai,4.31,32335.0,32,0.66
203,44.0,95046.0,,Finance,Pune,,15859.0,43,0.34
204,26.0,49287.0,37.0,HR,Bangalore,4.1,23122.0,39,0.02
205,54.0,113709.0,38.0,IT,Bangalore,1.94,1577.0,51,0.69
206,50.0,59711.0,25.0,HR,Mumbai,2.38,42256.0,36,0.95
207,68.0,31954.0,14.0,IT,Delhi,1.12,28350.0,55,0.63
208,59.0,93340.0,33.0,Sales,Delhi,,41932.0,46,0.44
209,61.0,92101.0,,Finance,Ahmedabad,3.67,33798.0,59,0.53
210,41.0,91520.0,10.0,IT,Ahmedabad,4.73,31898.0,35,0.2
211,32.0,107062.0,2.0,HR,Pune,2.06,15881.0,52,0.75
212,49.0,,5.0,Finance,Mumbai,3.45,10785.0,51,0.75
213,49.0,38574.0,8.0,Sales,Ahmedabad,3.71,6691.0,33,0.15
214,41.0,29184.0,5.0,Finance,Ahmedabad,2.27,17297.0,46,0.88
215,58.0,,8.0,IT,Mumbai,4.39,6358.0,56,0.27
216,69.0,87728.0,38.0,Sales,Pune,4.79,19581.0,38,0.98
217,66.0,54016.0,30.0,HR,Ahmedabad,4.54,1462.0,33,0.38
218,66.0,31246.0,31.0,Sales,Pune,3.96,15511.0,36,0.18
219,69.0,65558.0,11.0,Sales,Bangalore,2.11,10570.0,52,0.35
220,29.0,138721.0,7.0,Marketing,Pune,2.13,,31,0.44
221,56.0,38381.0,7.0,Sales,Delhi,4.85,44414.0,46,0.07
222,19.0,147796.0,27.0,Sales,Delhi,1.04,15474.0,53,0.58
223,20.0,56455.0,19.0,Finance,Pune,3.86,,37,0.6
224,66.0,112263.0,6.0,HR,Delhi,3.82,28129.0,52,0.74
225,54.0,24018.0,10.0,Finance,Bangalore,,42267.0,59,0.03
226,66.0,31302.0,19.0,Finance,Mumbai,4.96,13386.0,44,0.54
227,34.0,87506.0,15.0,IT,Delhi,2.25,6221.0,44,0.05
228,66.0,61157.0,3.0,Finance,Delhi,2.36,23474.0,37,0.7
229,19.0,74917.0,5.0,Marketing,Pune,1.32,40537.0,45,0.06
230,19.0,,21.0,Marketing,Bangalore,2.77,49839.0,48,0.91
231,45.0,116646.0,25.0,IT,Mumbai,2.04,47124.0,40,0.7
232,40.0,103122.0,2.0,HR,Pune,,21045.0,31,0.51
233,54.0,44519.0,13.0,HR,Pune,4.34,25783.0,52,0.44
234,49.0,116809.0,10.0,Finance,Bangalore,4.74,40157.0,53,0.13
235,50.0,107487.0,17.0,Finance,Mumbai,1.74,4922.0,46,0.29
236,18.0,76819.0,11.0,Finance,Bangalore,,46407.0,57,0.87
237,36.0,100910.0,22.0,HR,Mumbai,4.71,22706.0,55,0.9
238,19.0,140430.0,11.0,Sales,Bangalore,1.25,42771.0,45,0.0
239,61.0,91324.0,12.0,Marketing,Pune,1.37,32479.0,54,0.59
240,43.0,,24.0,Sales,Pune,1.65,5178.0,44,0.72
241,49.0,79379.0,18.0,Sales,Ahmedabad,3.38,30022.0,42,0.62
242,23.0,45053.0,35.0,HR,Delhi,1.6,15240.0,44,0.08
243,49.0,,7.0,Sales,Bangalore,4.87,,56,0.22
244,21.0,,28.0,IT,Ahmedabad,2.79,36736.0,33,0.25
245,28.0,118723.0,31.0,Finance,Delhi,3.01,2716.0,45,0.83
246,34.0,71356.0,17.0,IT,Bangalore,1.99,16574.0,59,0.46
247,,30789.0,5.0,Marketing,Mumbai,2.88,46279.0,41,0.49
248,41.0,117720.0,,Finance,Delhi,,17719.0,59,0.93
249,22.0,86656.0,18.0,Sales,Pune,4.0,,33,0.64
250,69.0,64028.0,,Marketing,Ahmedabad,4.02,45763.0,32,0.9
251,51.0,84484.0,36.0,Finance,Delhi,3.31,44066.0,51,0.46
252,,52154.0,31.0,Sales,Delhi,4.62,49530.0,46,0.15
253,39.0,102870.0,2.0,IT,Pune,4.27,20213.0,51,0.93
254,28.0,22336.0,27.0,Finance,Bangalore,4.03,6380.0,47,0.46
255,65.0,123677.0,9.0,Sales,Mumbai,1.22,615.0,54,0.18
256,33.0,87779.0,34.0,IT,Pune,1.03,463.0,47,0.3
257,50.0,39029.0,28.0,Marketing,Mumbai,1.85,31973.0,52,0.05
258,26.0,79201.0,14.0,Marketing,Bangalore,,9158.0,57,0.47
259,,52265.0,32.0,Marketing,Delhi,2.64,20651.0,46,0.85
260,,122916.0,6.0,Marketing,Mumbai,2.61,3158.0,41,0.93
261,46.0,132250.0,,HR,Ahmedabad,4.54,20008.0,52,0.93
262,20.0,136553.0,29.0,Finance,Ahmedabad,4.58,46202.0,50,0.13
263,37.0,63872.0,,Finance,Pune,4.64,4938.0,53,0.38
264,53.0,66197.0,30.0,HR,Bangalore,,38185.0,33,0.03
265,36.0,145733.0,23.0,Sales,Pune,3.76,22388.0,41,0.86
266,43.0,75180.0,19.0,Sales,Pune,2.09,8881.0,55,0.36
267,,43710.0,,Marketing,Pune,1.76,5603.0,52,0.63
268,36.0,49486.0,3.0,IT,Ahmedabad,1.74,34980.0,51,0.71
269,37.0,91907.0,,Sales,Ahmedabad,2.37,22504.0,50,0.43
270,49.0,148876.0,19.0,IT,Pune,,16766.0,49,0.31
271,24.0,91895.0,23.0,Finance,Ahmedabad,4.32,,44,0.96
272,69.0,84435.0,31.0,IT,Bangalore,1.48,11695.0,52,0.96
273,58.0,60631.0,35.0,Finance,Pune,3.94,17796.0,57,0.29
274,50.0,,33.0,HR,Ahmedabad,3.13,42543.0,45,0.48
275,57.0,121532.0,,HR,Mumbai,2.15,14559.0,34,0.97
276,56.0,40103.0,1.0,Marketing,Pune,2.97,38914.0,50,0.0
277,35.0,84772.0,14.0,Sales,Pune,2.2,33139.0,44,0.41
278,57.0,146108.0,33.0,Marketing,Bangalore,3.38,,46,0.1
279,18.0,34382.0,,Finance,Delhi,2.74,8802.0,47,0.51
280,28.0,104291.0,5.0,Marketing,Delhi,1.66,8307.0,34,0.02
281,45.0,121195.0,38.0,IT,Bangalore,1.47,40205.0,42,0.41
282,42.0,23756.0,11.0,Finance,Bangalore,3.19,33214.0,48,0.22
283,67.0,40609.0,2.0,HR,Bangalore,,,59,0.53
284,,134074.0,17.0,Sales,Delhi,2.38,11516.0,42,1.0
285,48.0,36478.0,,Finance,Bangalore,3.93,29086.0,47,0.8
286,47.0,120978.0,20.0,Finance,Ahmedabad,3.63,48222.0,43,0.85
287,59.0,,14.0,IT,Pune,4.73,30480.0,59,0.64
288,52.0,95683.0,32.0,Sales,Pune,4.28,44659.0,33,0.04
289,24.0,119097.0,34.0,HR,Mumbai,3.27,47766.0,33,0.21
290,33.0,144714.0,,Finance,Mumbai,3.63,38737.0,49,0.93
291,43.0,120420.0,,Finance,Pune,4.59,9265.0,49,0.37
292,65.0,91315.0,35.0,IT,Ahmedabad,2.6,48629.0,48,0.1
293,69.0,97834.0,29.0,Marketing,Delhi,2.31,5454.0,42,0.7
294,66.0,146205.0,,HR,Delhi,1.04,35918.0,41,0.3
295,19.0,,13.0,Sales,Ahmedabad,4.31,26181.0,36,0.27
296,18.0,129415.0,13.0,Finance,Delhi,4.2,15386.0,54,1.0
297,65.0,,1.0,Finance,Bangalore,1.42,39182.0,41,0.86
298,29.0,129701.0,36.0,HR,Pune,3.31,,50,0.41
299,22.0,32999.0,4.0,Marketing,Pune,,43254.0,33,0.98
300,54.0,75318.0,37.0,Finance,Ahmedabad,1.47,24327.0,56,0.65
301,49.0,,13.0,HR,Delhi,4.92,21181.0,31,0.74
302,26.0,135033.0,,IT,Mumbai,1.86,47662.0,31,0.03
303,58.0,96077.0,24.0,Marketing,Mumbai,1.27,21452.0,34,0.12
304,52.0,110474.0,19.0,Sales,Delhi,3.38,38248.0,52,0.63
305,,,1.0,Finance,Mumbai,,40801.0,39,0.9
306,65.0,95993.0,38.0,HR,Ahmedabad,1.13,33751.0,39,0.62
307,33.0,95916.0,5.0,IT,Ahmedabad,3.63,21991.0,38,0.13
308,20.0,93319.0,16.0,Sales,Delhi,,41311.0,42,0.12
309,37.0,145885.0,24.0,HR,Mumbai,,9916.0,36,0.84
310,41.0,129777.0,27.0,HR,Ahmedabad,1.69,,34,0.14
311,50.0,37368.0,1.0,Sales,Ahmedabad,3.27,25855.0,55,0.52
312,41.0,35328.0,34.0,IT,Bangalore,2.19,15581.0,39,0.04
313,69.0,76942.0,36.0,IT,Bangalore,4.75,1907.0,39,0.08
314,,111751.0,4.0,Marketing,Ahmedabad,4.27,,35,0.67
315,66.0,119131.0,,Finance,Delhi,,23308.0,56,0.69
316,25.0,47306.0,39.0,Sales,Pune,2.04,41984.0,57,0.34
317,53.0,105451.0,11.0,Sales,Pune,4.88,41505.0,48,0.22
318,55.0,59915.0,35.0,Sales,Ahmedabad,2.72,46525.0,50,0.81
319,57.0,57219.0,22.0,IT,Ahmedabad,,36942.0,37,0.22
320,37.0,100879.0,30.0,Finance,Ahmedabad,1.2,26957.0,30,0.54
321,52.0,131939.0,10.0,Marketing,Delhi,1.21,25464.0,57,0.97
322,65.0,84644.0,9.0,HR,Bangalore,3.77,48476.0,46,0.15
323,42.0,80279.0,2.0,HR,Ahmedabad,,23649.0,36,0.94
324,52.0,73028.0,13.0,Sales,Ahmedabad,1.91,42065.0,43,0.18
325,42.0,124263.0,15.0,Finance,Mumbai,3.46,27125.0,50,0.57
326,46.0,20126.0,9.0,IT,Delhi,2.01,34758.0,59,0.38
327,35.0,72329.0,28.0,Finance,Ahmedabad,3.31,5596.0,50,0.96
328,63.0,47632.0,9.0,Finance,Mumbai,2.44,16374.0,46,0.27
329,35.0,127099.0,11.0,IT,Pune,4.29,,38,0.4
330,19.0,85310.0,29.0,Sales,Ahmedabad,4.28,27388.0,46,0.98
331,52.0,129945.0,0.0,Finance,Ahmedabad,2.91,21029.0,34,0.54
332,33.0,75176.0,4.0,HR,Mumbai,2.4,18445.0,55,0.5
333,58.0,139797.0,19.0,IT,Delhi,2.45,48474.0,54,0.26
334,53.0,106066.0,7.0,Marketing,Ahmedabad,4.22,14645.0,59,0.7
335,50.0,,11.0,Sales,Pune,,,49,0.01
336,21.0,146413.0,0.0,IT,Ahmedabad,1.84,13668.0,58,0.05
337,50.0,64327.0,,Marketing,Pune,1.34,15960.0,37,0.6
338,31.0,88904.0,27.0,Marketing,Bangalore,2.87,,35,0.34
339,38.0,23797.0,36.0,Finance,Bangalore,2.93,37203.0,40,0.95
340,65.0,,36.0,Finance,Pune,4.36,,48,0.9
341,,33718.0,11.0,Finance,Delhi,1.88,14626.0,33,0.71
342,25.0,54560.0,36.0,IT,Ahmedabad,2.52,28132.0,47,0.82
343,24.0,,27.0,IT,Ahmedabad,4.23,7951.0,30,0.67
344,20.0,42116.0,14.0,Sales,Bangalore,4.29,6449.0,42,0.13
345,34.0,56244.0,5.0,Finance,Pune,,19065.0,43,0.77
346,50.0,121721.0,19.0,Marketing,Ahmedabad,2.84,35967.0,53,0.21
347,,21645.0,13.0,HR,Ahmedabad,2.21,39536.0,30,0.32
348,,67523.0,1.0,Sales,Delhi,4.73,9130.0,59,0.82
349,68.0,144085.0,8.0,IT,Mumbai,1.47,23824.0,58,0.54
350,39.0,137718.0,36.0,Sales,Bangalore,,41401.0,40,0.86
351,39.0,39256.0,,Sales,Bangalore,,36993.0,46,0.21
352,63.0,,,Sales,Mumbai,3.13,31875.0,33,0.61
353,,120158.0,28.0,Sales,Ahmedabad,1.13,49748.0,55,0.08
354,55.0,73173.0,0.0,HR,Delhi,2.9,6054.0,41,0.64
355,55.0,57430.0,34.0,Finance,Delhi,2.63,34273.0,39,0.76
356,62.0,59282.0,5.0,Marketing,Bangalore,1.64,41821.0,35,0.58
357,68.0,139719.0,36.0,Sales,Delhi,3.63,48517.0,54,0.27
358,25.0,83374.0,,Sales,Mumbai,4.88,10832.0,30,0.03
359,44.0,88244.0,32.0,Sales,Ahmedabad,3.25,29670.0,36,0.12
360,44.0,31694.0,13.0,Finance,Mumbai,3.86,49112.0,55,0.62
361,51.0,76264.0,11.0,IT,Pune,1.27,22852.0,56,0.93
362,38.0,95060.0,19.0,IT,Bangalore,2.67,23620.0,50,0.21
363,47.0,,23.0,HR,Delhi,1.47,28307.0,57,0.74
364,50.0,77545.0,33.0,IT,Pune,,47551.0,45,0.87
365,45.0,138195.0,24.0,Sales,Delhi,4.75,1551.0,53,0.52
366,,,28.0,Sales,Ahmedabad,3.65,47922.0,43,0.67
367,50.0,122516.0,38.0,Sales,Ahmedabad,1.31,27812.0,52,0.82
368,22.0,117945.0,30.0,HR,Ahmedabad,2.42,13799.0,49,0.26
369,65.0,33224.0,22.0,Sales,Delhi,3.2,26312.0,49,0.3
370,36.0,60738.0,37.0,IT,Pune,,39620.0,35,0.0
371,21.0,45150.0,19.0,Finance,Ahmedabad,4.33,1449.0,51,0.96
372,52.0,83731.0,22.0,Finance,Pune,4.26,24426.0,54,0.92
373,66.0,69688.0,15.0,Marketing,Delhi,3.45,35427.0,57,0.76
374,34.0,119929.0,7.0,IT,Pune,2.49,40277.0,34,0.08
375,61.0,128618.0,20.0,Sales,Delhi,2.02,31551.0,53,0.45
376,45.0,,0.0,Finance,Delhi,1.42,24277.0,50,0.1
377,47.0,28577.0,7.0,IT,Bangalore,,35489.0,47,0.02
378,46.0,28070.0,28.0,Finance,Delhi,2.65,45212.0,44,0.62
379,63.0,146161.0,31.0,Sales,Delhi,3.7,9637.0,35,0.96
380,23.0,28666.0,,Finance,Mumbai,3.63,43258.0,54,0.9
381,52.0,77761.0,4.0,Marketing,Ahmedabad,1.28,35693.0,58,0.7
382,58.0,141178.0,21.0,Marketing,Bangalore,2.58,9824.0,48,0.1
383,,56368.0,33.0,Finance,Bangalore,1.73,26950.0,30,0.27
384,41.0,26783.0,,IT,Bangalore,1.63,,30,0.32
385,46.0,,25.0,IT,Mumbai,4.31,39008.0,42,0.76
386,66.0,61914.0,9.0,IT,Delhi,1.17,49664.0,32,0.8
387,63.0,90507.0,29.0,Finance,Ahmedabad,2.68,215.0,39,0.39
388,,147738.0,17.0,IT,Pune,,,50,0.42
389,52.0,99026.0,16.0,Sales,Delhi,4.52,11523.0,32,0.04
390,50.0,135893.0,25.0,Marketing,Mumbai,3.23,10364.0,38,0.29
391,69.0,131255.0,7.0,Sales,Delhi,1.93,3153.0,37,0.45
392,38.0,130616.0,,IT,Delhi,3.01,23834.0,32,0.12
393,49.0,87526.0,11.0,Sales,Mumbai,3.93,34474.0,54,0.45
394,40.0,90835.0,26.0,IT,Bangalore,4.83,43066.0,42,0.85
395,50.0,65765.0,7.0,Finance,Bangalore,1.88,,35,0.58
396,20.0,39956.0,24.0,Sales,Ahmedabad,4.54,10400.0,42,0.08
397,,107895.0,,Finance,Ahmedabad,4.74,10345.0,52,0.19
398,42.0,66240.0,32.0,Finance,Bangalore,4.67,33896.0,49,0.47
399,,141008.0,0.0,HR,Pune,3.54,19894.0,49,0.36
400,48.0,57148.0,18.0,IT,Delhi,3.52,28899.0,41,0.36
401,20.0,114270.0,30.0,Marketing,Pune,,40635.0,42,0.53
402,57.0,147978.0,15.0,IT,Delhi,4.01,28229.0,31,0.58
403,,24757.0,13.0,Marketing,Bangalore,3.13,5583.0,50,0.8
404,41.0,39097.0,,IT,Ahmedabad,3.71,4897.0,53,0.34
405,67.0,,25.0,Finance,Ahmedabad,2.71,6001.0,52,0.81
406,,36241.0,27.0,Sales,Pune,,43881.0,45,0.34
407,64.0,123892.0,1.0,Sales,Ahmedabad,4.3,4567.0,52,0.06
408,39.0,47696.0,5.0,HR,Bangalore,1.59,9271.0,35,0.55
409,40.0,135654.0,8.0,Marketing,Pune,4.33,47116.0,48,0.59
410,19.0,90480.0,32.0,Marketing,Delhi,3.16,11703.0,50,0.93
411,44.0,66163.0,24.0,Marketing,Ahmedabad,,13329.0,42,0.73
412,59.0,39816.0,12.0,Finance,Mumbai,2.73,35509.0,46,0.92
413,19.0,69840.0,8.0,Marketing,Ahmedabad,,6256.0,52,0.91
414,43.0,122547.0,12.0,Sales,Delhi,4.66,228.0,38,0.6
415,34.0,72853.0,30.0,Finance,Pune,2.0,24746.0,46,0.53
416,57.0,44917.0,10.0,IT,Delhi,4.38,16678.0,58,0.56
417,50.0,116731.0,3.0,Marketing,Mumbai,2.94,37052.0,31,0.98
418,26.0,41566.0,33.0,Marketing,Bangalore,,46032.0,48,0.77
419,60.0,,37.0,IT,Ahmedabad,2.23,46158.0,48,0.11
420,65.0,82823.0,3.0,Marketing,Pune,3.29,23185.0,53,0.78
421,56.0,141392.0,37.0,IT,Bangalore,2.3,33686.0,36,0.17
422,46.0,40806.0,,Finance,Delhi,1.16,11445.0,51,0.45
423,59.0,95520.0,5.0,Sales,Pune,2.09,33266.0,39,0.21
424,43.0,21759.0,33.0,IT,Bangalore,1.03,2809.0,39,0.69
425,52.0,146092.0,17.0,HR,Pune,,37729.0,56,0.88
426,67.0,61949.0,,IT,Mumbai,4.86,41785.0,49,0.29
427,42.0,112374.0,22.0,Marketing,Mumbai,2.58,36547.0,38,0.08
428,41.0,22482.0,,Finance,Ahmedabad,3.91,42818.0,46,0.3
429,30.0,44442.0,10.0,Finance,Ahmedabad,2.38,34886.0,56,0.67
430,,53719.0,0.0,IT,Mumbai,3.68,6391.0,44,0.33
431,53.0,78066.0,23.0,Sales,Pune,4.22,145.0,31,0.28
432,62.0,,6.0,HR,Mumbai,4.79,13929.0,59,0.18
433,,22079.0,24.0,Finance,Ahmedabad,2.6,24326.0,33,0.5
434,18.0,22717.0,20.0,Marketing,Mumbai,4.13,29991.0,48,0.28
435,25.0,79676.0,14.0,Marketing,Mumbai,2.06,47685.0,46,0.73
436,63.0,47952.0,0.0,Sales,Pune,4.96,,34,0.08
437,33.0,106444.0,11.0,Finance,Bangalore,1.1,16576.0,36,0.66
438,31.0,62460.0,6.0,IT,Ahmedabad,3.41,,47,0.24
439,29.0,110397.0,14.0,Marketing,Pune,3.64,28464.0,50,0.49
440,68.0,92847.0,20.0,Sales,Mumbai,3.75,8243.0,51,0.29
441,40.0,113607.0,18.0,Finance,Mumbai,,31601.0,56,0.72
442,32.0,109106.0,28.0,Finance,Bangalore,4.75,2410.0,36,0.95
443,45.0,38449.0,24.0,Finance,Ahmedabad,,1820.0,46,0.92
444,51.0,53536.0,,Finance,Ahmedabad,3.49,35289.0,36,0.58
445,19.0,84077.0,,Finance,Delhi,1.89,38650.0,33,0.46
446,49.0,58258.0,34.0,Marketing,Ahmedabad,2.23,34635.0,37,0.82
447,40.0,68302.0,37.0,Sales,Bangalore,3.19,7465.0,42,0.68
448,,145937.0,25.0,Finance,Delhi,2.67,32439.0,33,0.18
449,68.0,48865.0,,HR,Delhi,1.64,27314.0,35,0.82
450,42.0,26645.0,34.0,HR,Mumbai,1.68,,54,0.43
451,39.0,139771.0,7.0,Sales,Mumbai,2.67,19583.0,34,0.19
452,39.0,58000.0,13.0,IT,Ahmedabad,4.03,27155.0,59,0.28
453,66.0,46737.0,9.0,IT,Delhi,4.59,,41,0.27
454,69.0,31485.0,1.0,IT,Mumbai,1.34,12197.0,33,0.52
455,59.0,58565.0,8.0,HR,Bangalore,2.57,,53,0.23
456,23.0,45522.0,2.0,IT,Mumbai,1.4,15424.0,58,0.12
457,32.0,139614.0,,Marketing,Mumbai,1.07,,38,0.12
458,60.0,85155.0,25.0,Finance,Delhi,3.65,240.0,33,0.58
459,54.0,75168.0,7.0,HR,Delhi,,4631.0,48,0.73
460,50.0,72487.0,1.0,Sales,Pune,1.65,9599.0,53,0.32
461,25.0,149948.0,5.0,Sales,Bangalore,,44462.0,43,0.03
462,61.0,32342.0,27.0,Finance,Delhi,1.09,24658.0,34,0.13
463,61.0,60806.0,28.0,HR,Ahmedabad,,37845.0,47,0.91
464,22.0,68770.0,25.0,IT,Bangalore,4.9,32574.0,39,0.49
465,56.0,98623.0,24.0,IT,Bangalore,1.54,36536.0,54,0.45
466,,123177.0,11.0,Marketing,Delhi,1.93,41910.0,48,0.04
467,23.0,119785.0,4.0,Marketing,Bangalore,4.47,7995.0,41,0.73
468,62.0,95629.0,33.0,IT,Delhi,4.71,25186.0,47,0.53
469,49.0,140993.0,36.0,Sales,Mumbai,2.68,29245.0,46,0.2
470,69.0,72603.0,14.0,Sales,Pune,1.2,22813.0,59,0.11
471,47.0,146944.0,35.0,Marketing,Mumbai,1.16,13276.0,53,0.38
472,64.0,132726.0,14.0,Finance,Delhi,3.3,19989.0,40,0.84
473,52.0,101974.0,22.0,IT,Delhi,2.57,,32,0.87
474,57.0,125947.0,5.0,Marketing,Mumbai,1.11,44243.0,52,0.6
475,69.0,46399.0,20.0,Marketing,Ahmedabad,3.33,18557.0,46,0.73
476,33.0,148177.0,22.0,IT,Ahmedabad,1.05,28060.0,30,0.12
477,30.0,,15.0,IT,Ahmedabad,4.15,6568.0,44,0.59
478,67.0,101244.0,14.0,Sales,Delhi,,35369.0,57,0.67
479,59.0,129575.0,,Finance,Bangalore,1.16,19041.0,38,0.2
480,47.0,135520.0,35.0,Finance,Delhi,3.35,6080.0,44,0.88
481,36.0,130904.0,10.0,IT,Bangalore,2.59,13854.0,57,0.19
482,34.0,96534.0,14.0,HR,Mumbai,4.9,2159.0,53,0.31
483,36.0,75106.0,3.0,Marketing,Pune,3.18,27025.0,57,0.62
484,45.0,132599.0,20.0,Marketing,Bangalore,,41081.0,58,0.64
485,43.0,50678.0,12.0,IT,Ahmedabad,3.84,,32,0.7
486,,96218.0,21.0,HR,Delhi,2.09,34085.0,51,0.11
487,43.0,83230.0,18.0,Sales,Mumbai,4.62,27094.0,56,0.85
488,,134684.0,33.0,IT,Ahmedabad,2.5,46040.0,48,0.53
489,26.0,94055.0,13.0,IT,Mumbai,3.2,1230.0,42,0.47
490,29.0,76373.0,3.0,Marketing,Pune,1.2,17517.0,41,0.98
491,18.0,51480.0,26.0,IT,Delhi,2.7,23991.0,49,0.74
492,18.0,105230.0,28.0,IT,Delhi,4.33,1301.0,30,0.12
493,,88836.0,27.0,IT,Pune,4.22,28610.0,50,0.76
494,,92258.0,34.0,Marketing,Delhi,1.9,15927.0,46,0.1
495,49.0,59986.0,7.0,Sales,Bangalore,1.9,34678.0,42,0.03
496,65.0,44160.0,15.0,Sales,Mumbai,4.27,24466.0,30,0.4
497,42.0,105595.0,35.0,IT,Ahmedabad,4.72,14904.0,39,0.99
498,57.0,121358.0,29.0,Marketing,Pune,1.38,,44,0.17
499,62.0,99111.0,17.0,Sales,Bangalore,,26081.0,56,0.67
500,,84929.0,1.0,Sales,Ahmedabad,2.35,,56,0.17
501,33.0,93506.0,12.0,Sales,Ahmedabad,4.48,27761.0,59,0.72
502,56.0,54911.0,3.0,Marketing,Pune,1.33,18300.0,36,0.51
503,22.0,107127.0,25.0,Marketing,Bangalore,1.84,29491.0,57,0.68
504,39.0,51821.0,24.0,IT,Ahmedabad,4.01,35525.0,51,0.2
505,46.0,95039.0,29.0,Finance,Ahmedabad,1.21,26532.0,47,0.75
506,20.0,80535.0,10.0,Sales,Bangalore,2.97,6464.0,45,1.0
507,,133453.0,6.0,Finance,Delhi,2.77,,43,0.67
508,43.0,104458.0,30.0,Marketing,Ahmedabad,2.34,41856.0,56,0.49
509,33.0,32175.0,9.0,Marketing,Mumbai,2.58,47892.0,57,0.92
510,68.0,139235.0,38.0,Marketing,Bangalore,3.12,47028.0,47,0.02
511,54.0,74771.0,12.0,Finance,Ahmedabad,1.65,42511.0,56,0.73
512,39.0,126660.0,30.0,Marketing,Pune,3.29,8683.0,36,0.89
513,46.0,147157.0,6.0,IT,Mumbai,,32634.0,46,0.06
514,31.0,141300.0,,Marketing,Ahmedabad,4.04,60.0,58,0.45
515,,106925.0,19.0,HR,Mumbai,1.62,9269.0,47,0.2
516,22.0,,3.0,Finance,Mumbai,1.6,23065.0,41,0.57
517,64.0,86358.0,6.0,HR,Delhi,2.07,2895.0,37,0.65
518,66.0,37327.0,0.0,Marketing,Mumbai,2.44,15323.0,51,0.3
519,47.0,67057.0,,IT,Delhi,2.63,12352.0,59,0.46
520,63.0,26150.0,21.0,Sales,Bangalore,3.72,44643.0,31,0.28
521,69.0,24425.0,20.0,Marketing,Delhi,1.23,49737.0,36,0.37
522,22.0,143654.0,21.0,IT,Pune,1.14,38591.0,33,0.16
523,29.0,36032.0,27.0,Finance,Ahmedabad,2.57,30890.0,47,0.89
524,,,8.0,HR,Bangalore,,32016.0,57,0.01
525,43.0,80500.0,25.0,HR,Bangalore,1.77,11962.0,35,0.88
526,,73394.0,8.0,HR,Pune,3.57,33302.0,56,0.57
527,65.0,,14.0,Finance,Delhi,2.04,19846.0,38,0.33
528,38.0,56220.0,9.0,IT,Ahmedabad,4.54,4011.0,56,0.72
529,56.0,61874.0,23.0,Finance,Delhi,4.58,19782.0,38,0.51
530,,33859.0,7.0,HR,Mumbai,2.19,2155.0,43,0.5
531,50.0,70460.0,23.0,Marketing,Delhi,1.92,39725.0,37,0.11
532,47.0,51419.0,15.0,Sales,Bangalore,2.65,9196.0,48,0.39
533,54.0,138865.0,25.0,Finance,Ahmedabad,1.96,43459.0,32,0.24
534,40.0,28705.0,26.0,Finance,Delhi,3.69,,47,0.02
535,27.0,62880.0,,IT,Ahmedabad,4.3,13327.0,34,0.36
536,,149838.0,,IT,Ahmedabad,3.69,35474.0,43,0.09
537,53.0,43236.0,23.0,Finance,Mumbai,4.3,32769.0,57,0.26
538,51.0,107955.0,18.0,HR,Mumbai,2.59,41993.0,59,0.09
539,69.0,,35.0,Sales,Bangalore,1.63,24700.0,33,0.1
540,48.0,,38.0,IT,Pune,3.95,14820.0,36,0.2
541,27.0,35358.0,9.0,HR,Ahmedabad,2.44,10891.0,49,1.0
542,36.0,119713.0,24.0,Marketing,Pune,3.69,34629.0,54,0.0
543,49.0,114914.0,,IT,Bangalore,2.08,5269.0,57,0.64
544,18.0,122870.0,18.0,HR,Ahmedabad,1.32,43880.0,41,0.14
545,22.0,96918.0,35.0,HR,Ahmedabad,4.97,48467.0,31,0.92
546,62.0,139179.0,9.0,Sales,Pune,1.62,8320.0,40,0.09
547,21.0,136243.0,32.0,Sales,Delhi,4.95,49589.0,43,0.96
548,33.0,34596.0,,Marketing,Mumbai,4.91,10740.0,51,0.61
549,41.0,53572.0,,HR,Delhi,4.18,35897.0,52,0.0
550,33.0,98757.0,33.0,HR,Pune,3.64,30930.0,45,0.89
551,19.0,21279.0,32.0,Sales,Mumbai,3.31,17285.0,49,0.52
552,66.0,83197.0,20.0,IT,Delhi,4.46,14380.0,58,0.26
553,45.0,131496.0,16.0,IT,Mumbai,2.16,11360.0,35,0.77
554,49.0,,21.0,Finance,Ahmedabad,2.87,5398.0,52,0.93
555,44.0,27083.0,36.0,Sales,Delhi,3.48,,33,0.48
556,,140674.0,14.0,Finance,Mumbai,2.64,29062.0,44,0.32
557,41.0,140307.0,34.0,Sales,Mumbai,2.71,36686.0,53,0.79
558,29.0,146457.0,27.0,Marketing,Mumbai,2.32,17451.0,54,0.68
559,67.0,,6.0,HR,Delhi,3.26,49178.0,30,0.89
560,52.0,37771.0,31.0,Marketing,Bangalore,4.4,6937.0,36,0.69
561,50.0,49975.0,10.0,Sales,Delhi,1.81,,54,0.24
562,,65648.0,9.0,HR,Pune,4.74,49699.0,41,0.93
563,68.0,145641.0,8.0,IT,Delhi,3.76,10860.0,39,0.1
564,60.0,68285.0,13.0,IT,Mumbai,4.29,25142.0,34,0.27
565,54.0,,12.0,Finance,Ahmedabad,3.22,25279.0,41,0.52
566,29.0,87642.0,24.0,Sales,Delhi,4.12,38106.0,47,0.57
567,,110093.0,1.0,Sales,Delhi,1.06,45240.0,39,0.02
568,18.0,,34.0,IT,Mumbai,4.27,35908.0,35,0.78
569,50.0,106143.0,6.0,Marketing,Ahmedabad,1.16,40764.0,57,0.36
570,57.0,57599.0,20.0,HR,Ahmedabad,4.56,48257.0,41,0.41
571,27.0,71920.0,17.0,Marketing,Pune,4.97,14201.0,36,0.81
572,60.0,48529.0,2.0,Marketing,Delhi,2.18,40544.0,47,0.38
573,61.0,55954.0,38.0,IT,Ahmedabad,1.84,37711.0,31,0.05
574,46.0,47856.0,10.0,IT,Ahmedabad,4.06,45654.0,39,0.18
575,30.0,22573.0,38.0,IT,Bangalore,2.01,8997.0,44,0.96
576,,98344.0,23.0,Finance,Bangalore,4.46,40566.0,59,0.07
577,48.0,,18.0,Marketing,Ahmedabad,1.41,20175.0,41,0.35
578,63.0,122337.0,3.0,Sales,Pune,1.5,,55,0.5
579,19.0,126732.0,25.0,HR,Ahmedabad,4.92,3225.0,46,0.49
580,68.0,119608.0,37.0,Finance,Mumbai,3.7,44578.0,33,0.0
581,67.0,80774.0,31.0,Sales,Delhi,4.39,47682.0,36,0.5
582,52.0,43752.0,38.0,Marketing,Pune,2.3,35228.0,59,0.38
583,40.0,75029.0,35.0,IT,Mumbai,,41505.0,38,0.97
584,34.0,,39.0,Marketing,Pune,3.38,46688.0,48,0.16
585,43.0,71693.0,36.0,HR,Mumbai,3.41,23110.0,57,0.35
586,25.0,136739.0,32.0,Finance,Delhi,3.73,10754.0,56,0.42
587,46.0,75961.0,35.0,Finance,Delhi,3.3,26655.0,52,0.39
588,43.0,126937.0,2.0,HR,Bangalore,2.72,43601.0,36,0.67
589,27.0,144956.0,8.0,Sales,Mumbai,2.1,3114.0,52,0.22
590,43.0,96908.0,7.0,Sales,Bangalore,4.07,26502.0,31,0.22
591,51.0,145537.0,,Finance,Mumbai,1.91,49768.0,35,0.73
592,68.0,146678.0,5.0,Finance,Bangalore,3.77,48128.0,47,0.5
593,58.0,94532.0,38.0,IT,Delhi,1.93,20028.0,35,0.42
594,24.0,101994.0,3.0,Sales,Pune,3.5,17587.0,42,0.17
595,21.0,,12.0,HR,Bangalore,3.99,42719.0,55,0.19
596,67.0,117425.0,1.0,Sales,Mumbai,1.87,35333.0,48,0.01
597,62.0,145055.0,4.0,IT,Mumbai,1.24,3174.0,59,0.09
598,28.0,81268.0,,Finance,Delhi,1.52,35398.0,31,0.56
599,46.0,112201.0,31.0,Finance,Mumbai,3.42,35929.0,41,0.89
600,53.0,58243.0,20.0,IT,Ahmedabad,4.4,4321.0,44,0.29
601,42.0,77384.0,7.0,HR,Pune,1.18,30435.0,43,0.33
602,38.0,,37.0,Finance,Bangalore,3.94,45972.0,35,0.12
603,53.0,46657.0,7.0,Marketing,Pune,2.37,7099.0,47,0.39
604,27.0,59952.0,2.0,Finance,Delhi,2.91,23760.0,34,0.04
605,54.0,42180.0,2.0,Marketing,Bangalore,4.72,11360.0,47,0.92
606,26.0,117432.0,21.0,IT,Bangalore,2.33,10313.0,32,0.67
607,41.0,141829.0,5.0,IT,Ahmedabad,2.86,46270.0,32,0.99
608,52.0,148377.0,1.0,Finance,Delhi,,20462.0,51,0.88
609,66.0,98411.0,22.0,Sales,Mumbai,1.33,,51,0.47
610,,21622.0,,Marketing,Ahmedabad,2.03,14130.0,39,0.52
611,65.0,68756.0,37.0,HR,Ahmedabad,1.11,14271.0,48,0.19
612,53.0,,16.0,Finance,Pune,3.53,16075.0,32,0.46
613,35.0,36725.0,34.0,HR,Pune,2.71,,58,0.9
614,,81396.0,33.0,Finance,Pune,3.19,41679.0,41,0.05
615,56.0,71226.0,22.0,Sales,Ahmedabad,,18984.0,58,0.86
616,49.0,126296.0,29.0,Sales,Mumbai,2.18,22559.0,45,0.34
617,41.0,101182.0,7.0,Sales,Bangalore,3.66,,46,0.9
618,40.0,102565.0,21.0,Sales,Pune,4.86,33434.0,36,0.94
619,49.0,49402.0,35.0,IT,Mumbai,1.2,16667.0,42,0.67
620,54.0,24263.0,4.0,IT,Delhi,4.56,5840.0,53,0.66
621,29.0,143489.0,12.0,Marketing,Pune,3.31,3565.0,31,0.45
622,66.0,116523.0,28.0,HR,Bangalore,3.26,43194.0,33,0.84
623,30.0,66828.0,30.0,Finance,Delhi,3.0,20977.0,39,0.96
624,40.0,140824.0,15.0,Finance,Delhi,1.28,21118.0,36,0.78
625,,67924.0,29.0,IT,Bangalore,1.36,22641.0,53,0.62
626,52.0,94182.0,15.0,Finance,Pune,3.4,7366.0,46,0.61
627,58.0,113065.0,11.0,IT,Ahmedabad,2.36,,49,0.85
628,47.0,79052.0,16.0,Marketing,Bangalore,4.67,15630.0,35,0.54
629,34.0,31664.0,15.0,HR,Bangalore,2.63,20056.0,48,0.8
630,66.0,55737.0,11.0,Marketing,Bangalore,1.57,7382.0,34,0.51
631,37.0,,7.0,Sales,Delhi,,,39,0.06
632,,109563.0,19.0,Sales,Mumbai,2.17,48639.0,38,0.38
633,42.0,49373.0,2.0,Sales,Ahmedabad,3.1,,56,0.44
634,39.0,137369.0,15.0,Marketing,Pune,3.79,992.0,42,0.14
635,30.0,56397.0,29.0,Finance,Pune,4.6,6858.0,48,0.1
636,36.0,148575.0,22.0,HR,Mumbai,4.17,2121.0,50,0.54
637,66.0,106145.0,27.0,Sales,Bangalore,3.71,27160.0,53,0.09
638,53.0,121371.0,39.0,Sales,Ahmedabad,,45156.0,35,0.3
639,29.0,58709.0,4.0,Sales,Pune,4.78,20906.0,33,0.74
640,58.0,136074.0,19.0,HR,Pune,2.18,19572.0,53,0.96
641,36.0,81120.0,39.0,Sales,Bangalore,1.0,4136.0,56,0.72
642,29.0,39250.0,0.0,HR,Mumbai,2.09,16727.0,32,0.99
643,26.0,41172.0,29.0,Sales,Ahmedabad,1.87,32167.0,32,0.7
644,24.0,31555.0,20.0,Marketing,Mumbai,3.65,45421.0,33,0.29
645,45.0,107410.0,19.0,Marketing,Mumbai,3.53,15479.0,54,0.67
646,31.0,98617.0,5.0,HR,Ahmedabad,3.37,31376.0,34,0.7
647,,73276.0,21.0,Marketing,Ahmedabad,1.06,4823.0,37,0.37
648,69.0,77492.0,17.0,HR,Pune,3.92,4920.0,45,0.02
649,36.0,73002.0,7.0,Marketing,Pune,2.29,19585.0,51,0.7
650,,140103.0,38.0,Marketing,Ahmedabad,3.66,38239.0,32,0.02
651,33.0,144938.0,31.0,HR,Delhi,3.23,17272.0,53,0.63
652,22.0,,32.0,Finance,Pune,2.37,26619.0,41,0.16
653,52.0,92355.0,15.0,Marketing,Delhi,1.54,9533.0,54,0.57
654,29.0,,,Sales,Ahmedabad,1.38,39895.0,37,0.5
655,,44762.0,37.0,Finance,Pune,4.33,3720.0,42,0.01
656,69.0,31046.0,33.0,HR,Mumbai,4.67,,33,0.36
657,38.0,116999.0,13.0,Finance,Ahmedabad,3.6,15696.0,43,0.6
658,,144130.0,35.0,IT,Bangalore,1.41,,43,0.85
659,40.0,136021.0,,IT,Delhi,2.61,23345.0,42,0.89
660,33.0,48769.0,22.0,Marketing,Ahmedabad,3.92,,56,0.48
661,56.0,73302.0,1.0,Marketing,Ahmedabad,4.12,19385.0,35,0.73
662,62.0,43150.0,20.0,Sales,Pune,1.47,18122.0,46,0.32
663,,88247.0,1.0,Finance,Pune,1.0,1364.0,33,0.34
664,56.0,24853.0,26.0,IT,Pune,3.85,2708.0,37,0.19
665,,114613.0,8.0,Marketing,Bangalore,2.43,12982.0,46,0.56
666,48.0,140900.0,0.0,Finance,Pune,2.02,17308.0,32,0.31
667,22.0,109399.0,10.0,Marketing,Ahmedabad,1.05,32919.0,46,0.08
668,52.0,41792.0,2.0,Marketing,Pune,3.16,,38,0.69
669,40.0,79129.0,22.0,IT,Mumbai,4.4,35089.0,31,0.71
670,46.0,126019.0,25.0,IT,Pune,4.83,13865.0,54,0.36
671,60.0,94478.0,3.0,Marketing,Bangalore,3.26,495.0,42,0.08
672,28.0,133811.0,17.0,HR,Mumbai,3.06,44755.0,49,0.43
673,35.0,134130.0,5.0,Marketing,Ahmedabad,1.34,2148.0,31,0.44
674,64.0,,34.0,Marketing,Ahmedabad,,33324.0,49,0.67
675,,51987.0,21.0,Sales,Delhi,2.52,13393.0,57,0.32
676,,35850.0,14.0,Sales,Mumbai,3.43,1552.0,40,0.68
677,27.0,32112.0,21.0,Sales,Delhi,,35853.0,56,0.87
678,61.0,141789.0,36.0,HR,Mumbai,1.96,32924.0,55,0.24
679,34.0,44058.0,11.0,HR,Mumbai,1.38,8926.0,51,0.98
680,55.0,65420.0,37.0,Marketing,Bangalore,2.26,,44,0.39
681,24.0,,17.0,Sales,Delhi,1.39,23889.0,40,0.27
682,63.0,86017.0,34.0,HR,Bangalore,1.71,39930.0,52,0.42
683,30.0,67304.0,29.0,IT,Mumbai,4.95,8055.0,32,0.09
684,,52921.0,23.0,Marketing,Ahmedabad,2.78,4654.0,32,0.13
685,59.0,125921.0,29.0,Finance,Mumbai,3.13,22634.0,57,0.41
686,26.0,21524.0,13.0,Marketing,Bangalore,,32363.0,55,0.76
687,67.0,120424.0,5.0,Finance,Delhi,4.98,11468.0,41,0.9
688,44.0,35048.0,,Sales,Delhi,3.33,32922.0,53,0.66
689,,55111.0,15.0,Finance,Bangalore,4.25,40718.0,34,0.11
690,22.0,,6.0,Sales,Delhi,,48091.0,49,0.67
691,46.0,74912.0,13.0,IT,Pune,2.22,17380.0,36,0.64
692,,54008.0,8.0,Finance,Ahmedabad,2.61,,36,0.81
693,,20060.0,,Marketing,Ahmedabad,3.69,37394.0,42,0.83
694,36.0,,,Sales,Ahmedabad,3.73,14259.0,38,0.87
695,25.0,,34.0,Marketing,Delhi,,14873.0,54,0.41
696,,75337.0,1.0,HR,Delhi,1.53,13016.0,50,0.7
697,62.0,,26.0,Sales,Mumbai,3.53,42137.0,42,0.27
698,18.0,33350.0,1.0,Finance,Mumbai,1.51,,41,1.0
699,39.0,44354.0,34.0,Sales,Ahmedabad,3.31,7853.0,42,0.18
700,69.0,65186.0,17.0,Marketing,Pune,3.77,12379.0,53,0.01
701,34.0,48145.0,,IT,Mumbai,3.8,15792.0,39,0.15
702,24.0,54020.0,19.0,Sales,Mumbai,4.01,38367.0,30,0.78
703,42.0,106123.0,17.0,Finance,Delhi,4.49,18100.0,54,0.45
704,62.0,126667.0,9.0,HR,Pune,3.0,47553.0,37,0.45
705,21.0,95186.0,24.0,IT,Ahmedabad,3.92,11049.0,51,0.96
706,53.0,105469.0,1.0,HR,Mumbai,3.48,786.0,45,0.92
707,23.0,40581.0,,Sales,Pune,1.75,4368.0,42,0.31
708,48.0,108929.0,32.0,Marketing,Pune,1.1,30699.0,32,0.21
709,36.0,,35.0,Marketing,Ahmedabad,2.14,47691.0,32,0.85
710,61.0,71474.0,30.0,Finance,Pune,2.77,37040.0,53,0.91
711,56.0,,13.0,Marketing,Pune,3.47,27454.0,34,0.54
712,44.0,145995.0,0.0,IT,Pune,4.4,38762.0,55,0.63
713,27.0,134618.0,,Marketing,Mumbai,,23600.0,40,0.26
714,43.0,89626.0,,Finance,Ahmedabad,1.5,29238.0,59,0.8
715,36.0,,34.0,Sales,Pune,4.85,25241.0,36,0.63
716,56.0,,,Sales,Pune,1.43,19810.0,50,0.5
717,20.0,41520.0,24.0,Marketing,Mumbai,2.91,,53,0.06
718,62.0,69481.0,12.0,HR,Ahmedabad,3.34,21811.0,39,0.92
719,30.0,,,Sales,Delhi,,39779.0,39,0.62
720,67.0,114006.0,7.0,Marketing,Mumbai,1.34,20085.0,49,0.19
721,45.0,148496.0,20.0,Finance,Ahmedabad,1.23,46854.0,31,0.61
722,37.0,77134.0,33.0,Marketing,Pune,1.42,9261.0,32,0.68
723,45.0,,3.0,Sales,Ahmedabad,3.34,18733.0,37,0.53
724,25.0,21341.0,24.0,Finance,Ahmedabad,3.18,39779.0,40,0.72
725,58.0,64623.0,14.0,Marketing,Ahmedabad,1.93,29079.0,42,0.58
726,56.0,110327.0,3.0,IT,Delhi,3.55,33980.0,36,0.95
727,18.0,20338.0,11.0,Finance,Ahmedabad,4.28,14141.0,42,0.05
728,20.0,91431.0,31.0,IT,Delhi,1.17,9344.0,31,0.11
729,30.0,32254.0,31.0,HR,Pune,2.99,39472.0,35,0.17
730,45.0,71860.0,27.0,Finance,Delhi,3.76,,38,0.69
731,66.0,31344.0,,IT,Pune,2.01,23817.0,49,0.65
732,42.0,21750.0,,Sales,Pune,,29813.0,54,0.89
733,50.0,74756.0,13.0,Sales,Delhi,3.45,18895.0,31,0.73
734,55.0,87957.0,19.0,HR,Mumbai,4.59,143.0,47,0.51
735,23.0,125423.0,17.0,Finance,Bangalore,4.24,10681.0,45,0.99
736,61.0,78053.0,28.0,Finance,Ahmedabad,3.33,7367.0,54,0.27
737,62.0,90855.0,5.0,Finance,Bangalore,3.92,3228.0,41,0.83
738,49.0,,31.0,HR,Ahmedabad,2.46,4582.0,36,0.43
739,62.0,75761.0,28.0,Finance,Ahmedabad,3.56,13147.0,36,0.65
740,64.0,82552.0,,Sales,Pune,2.86,11397.0,46,0.73
741,38.0,,22.0,IT,Ahmedabad,1.76,38799.0,42,0.63
742,33.0,,18.0,Sales,Ahmedabad,3.81,37011.0,40,0.14
743,38.0,146522.0,30.0,Sales,Delhi,3.23,13647.0,35,0.44
744,28.0,138681.0,4.0,IT,Bangalore,2.43,27718.0,58,0.56
745,54.0,110600.0,18.0,Sales,Delhi,,44264.0,52,0.85
746,53.0,142732.0,33.0,HR,Ahmedabad,1.08,42317.0,56,0.44
747,52.0,132153.0,9.0,IT,Pune,2.26,47914.0,43,0.92
748,36.0,142926.0,,Sales,Delhi,1.23,19097.0,35,0.44
749,37.0,47935.0,1.0,Marketing,Delhi,4.07,36953.0,35,0.55
750,35.0,57641.0,10.0,Sales,Mumbai,3.81,45254.0,31,0.8
751,64.0,49711.0,30.0,HR,Ahmedabad,2.33,,51,0.58
752,58.0,90342.0,14.0,Finance,Pune,3.7,49452.0,49,0.96
753,66.0,,8.0,Sales,Delhi,2.58,,54,0.66
754,31.0,32182.0,,Finance,Delhi,4.03,3010.0,44,0.52
755,32.0,107833.0,,Marketing,Pune,2.82,,57,0.02
756,48.0,76276.0,8.0,Sales,Ahmedabad,2.65,,46,0.41
757,18.0,39541.0,34.0,IT,Mumbai,4.74,28412.0,58,0.3
758,20.0,114457.0,20.0,Finance,Delhi,2.0,44953.0,37,0.75
759,33.0,102310.0,8.0,Marketing,Mumbai,1.48,34305.0,34,0.21
760,,64813.0,27.0,IT,Bangalore,3.34,49549.0,46,0.21
761,28.0,57198.0,6.0,IT,Ahmedabad,4.88,11549.0,49,0.19
762,29.0,28820.0,15.0,IT,Bangalore,,5680.0,30,0.13
763,27.0,,15.0,IT,Bangalore,1.25,25739.0,51,0.31
764,49.0,,32.0,Sales,Bangalore,2.36,21209.0,47,0.89
765,33.0,31122.0,3.0,Sales,Ahmedabad,3.02,41515.0,44,0.77
766,25.0,100559.0,3.0,Sales,Ahmedabad,1.65,22432.0,34,0.74
767,55.0,93543.0,38.0,Marketing,Pune,3.63,15116.0,36,0.8
768,29.0,103441.0,39.0,Marketing,Mumbai,,20045.0,47,0.27
769,41.0,61786.0,16.0,Marketing,Mumbai,2.81,26327.0,35,0.89
770,45.0,114934.0,,HR,Pune,2.42,,51,0.14
771,25.0,119804.0,38.0,Marketing,Pune,2.6,,50,0.34
772,45.0,26737.0,,Sales,Bangalore,1.46,26905.0,34,0.59
773,53.0,56062.0,35.0,Sales,Pune,4.53,7067.0,59,0.1
774,43.0,74237.0,37.0,HR,Delhi,2.66,32559.0,48,0.73
775,25.0,,38.0,HR,Mumbai,,42919.0,39,0.39
776,67.0,45510.0,36.0,Marketing,Pune,3.64,17985.0,44,0.78
777,45.0,39426.0,34.0,Finance,Delhi,2.77,27369.0,39,0.49
778,45.0,57265.0,6.0,HR,Delhi,3.59,17864.0,56,0.18
779,,37850.0,26.0,IT,Delhi,1.25,22614.0,45,0.73
780,58.0,138249.0,27.0,Sales,Delhi,4.25,47894.0,41,0.25
781,53.0,86150.0,21.0,IT,Bangalore,4.76,15613.0,47,0.49
782,44.0,107312.0,13.0,Sales,Delhi,3.6,6447.0,52,0.08
783,34.0,109613.0,6.0,Sales,Bangalore,,5499.0,30,0.62
784,26.0,94910.0,36.0,HR,Bangalore,1.61,,45,0.67
785,50.0,72375.0,,HR,Delhi,,31315.0,51,0.38
786,37.0,141826.0,4.0,IT,Mumbai,,1299.0,35,0.95
787,30.0,55435.0,1.0,Sales,Delhi,3.33,,32,0.87
788,45.0,116443.0,26.0,IT,Delhi,2.61,4994.0,31,0.71
789,,77132.0,20.0,Finance,Delhi,2.35,29878.0,57,0.71
790,46.0,98945.0,37.0,IT,Mumbai,1.51,15627.0,31,0.25
791,30.0,102050.0,14.0,Marketing,Ahmedabad,2.57,7489.0,59,0.66
792,63.0,149828.0,20.0,IT,Ahmedabad,1.65,26111.0,42,0.2
793,52.0,115402.0,9.0,Marketing,Bangalore,3.94,32355.0,38,0.14
794,23.0,22983.0,22.0,Marketing,Bangalore,1.84,8269.0,45,1.0
795,35.0,117241.0,38.0,Marketing,Mumbai,1.23,2831.0,56,0.62
796,,40662.0,4.0,Finance,Pune,3.21,44370.0,34,0.43
797,22.0,43510.0,0.0,IT,Ahmedabad,3.38,,52,0.29
798,64.0,98187.0,12.0,IT,Bangalore,4.49,24813.0,57,0.6
799,42.0,60998.0,,Finance,Ahmedabad,3.31,21637.0,50,0.05
800,19.0,76846.0,25.0,Sales,Mumbai,2.38,1996.0,36,0.09
801,27.0,114071.0,20.0,HR,Mumbai,4.21,44387.0,42,0.03
802,47.0,26640.0,17.0,IT,Pune,3.16,49429.0,49,0.5
803,67.0,64547.0,36.0,HR,Pune,1.32,3089.0,53,0.6
804,62.0,74620.0,31.0,Finance,Mumbai,3.26,33291.0,58,0.06
805,22.0,35317.0,35.0,Sales,Bangalore,4.63,20659.0,56,0.72
806,50.0,135608.0,16.0,Sales,Ahmedabad,2.59,45178.0,59,0.23
807,18.0,27564.0,34.0,Sales,Delhi,2.19,30429.0,55,0.69
808,35.0,47345.0,10.0,Finance,Pune,1.57,15732.0,42,0.98
809,49.0,,20.0,Marketing,Delhi,1.61,19506.0,56,0.69
810,64.0,114223.0,,Marketing,Bangalore,2.73,40935.0,55,0.88
811,66.0,,3.0,HR,Pune,3.38,5190.0,36,0.95
812,28.0,99273.0,33.0,Marketing,Delhi,1.32,4575.0,39,0.49
813,38.0,94859.0,17.0,Marketing,Bangalore,4.76,40495.0,44,0.7
814,43.0,100765.0,39.0,Sales,Ahmedabad,4.02,48146.0,50,0.85
815,,130017.0,34.0,Sales,Bangalore,3.35,34565.0,56,0.36
816,39.0,,28.0,HR,Pune,4.31,34899.0,35,0.26
817,44.0,143618.0,28.0,IT,Mumbai,,23706.0,34,0.95
818,66.0,72393.0,37.0,HR,Ahmedabad,2.91,47668.0,52,0.73
819,30.0,86081.0,20.0,HR,Delhi,,22884.0,57,0.22
820,50.0,145341.0,12.0,Finance,Pune,4.31,,31,0.45
821,51.0,122650.0,16.0,Finance,Mumbai,4.13,44100.0,50,0.8
822,58.0,49430.0,8.0,HR,Bangalore,2.11,,44,0.55
823,52.0,95532.0,0.0,HR,Mumbai,4.76,49294.0,55,0.65
824,18.0,47788.0,,HR,Pune,,12479.0,45,0.75
825,38.0,115505.0,28.0,Marketing,Pune,4.5,34178.0,48,0.62
826,65.0,68543.0,32.0,Finance,Mumbai,4.88,12665.0,38,0.54
827,23.0,33919.0,9.0,HR,Bangalore,1.71,,58,0.75
828,45.0,89346.0,39.0,Sales,Mumbai,3.89,26292.0,51,0.73
829,34.0,116122.0,20.0,Sales,Pune,1.16,36132.0,58,0.63
830,22.0,59974.0,27.0,Marketing,Pune,,36110.0,55,0.36
831,48.0,127309.0,10.0,Marketing,Delhi,3.07,,48,0.41
832,22.0,36371.0,33.0,IT,Delhi,,46233.0,36,0.97
833,,65084.0,7.0,IT,Ahmedabad,,37268.0,33,0.11
834,20.0,49629.0,21.0,IT,Pune,3.69,1172.0,59,0.27
835,40.0,71184.0,7.0,Marketing,Delhi,2.93,27914.0,32,0.49
836,54.0,81916.0,14.0,Marketing,Mumbai,4.24,,53,0.84
837,54.0,147293.0,16.0,Marketing,Bangalore,4.8,40775.0,58,0.16
838,27.0,93972.0,22.0,Sales,Mumbai,1.09,34409.0,49,0.28
839,27.0,82187.0,23.0,Marketing,Bangalore,4.93,49623.0,40,0.07
840,36.0,32984.0,18.0,Sales,Delhi,1.34,19324.0,30,0.71
841,34.0,53039.0,4.0,IT,Ahmedabad,4.26,8738.0,35,0.24
842,38.0,,31.0,IT,Mumbai,2.12,37494.0,55,0.39
843,31.0,103691.0,0.0,IT,Mumbai,1.53,44557.0,40,0.44
844,26.0,78606.0,22.0,HR,Mumbai,2.76,24054.0,56,0.89
845,63.0,30616.0,36.0,HR,Bangalore,3.58,29709.0,30,0.41
846,18.0,122665.0,7.0,Finance,Delhi,2.52,43785.0,50,0.15
847,68.0,125373.0,12.0,Finance,Mumbai,1.22,,36,0.52
848,62.0,70072.0,7.0,Finance,Mumbai,3.4,363.0,35,0.96
849,30.0,44574.0,22.0,HR,Ahmedabad,4.61,10358.0,43,0.61
850,21.0,23430.0,0.0,HR,Ahmedabad,2.53,36077.0,31,0.98
851,,,,Finance,Delhi,,49697.0,56,0.84
852,66.0,,34.0,Finance,Delhi,2.77,3240.0,33,0.04
853,,30816.0,23.0,Marketing,Pune,1.19,6665.0,40,0.66
854,49.0,52733.0,16.0,Finance,Ahmedabad,4.28,45689.0,44,0.29
855,51.0,105680.0,4.0,Marketing,Pune,4.31,1936.0,47,0.56
856,45.0,22050.0,19.0,Sales,Bangalore,3.35,46736.0,56,0.28
857,48.0,129996.0,20.0,HR,Pune,2.41,,30,0.35
858,25.0,53933.0,39.0,Finance,Mumbai,4.2,43965.0,32,0.92
859,56.0,44951.0,,HR,Pune,3.22,11998.0,32,0.21
860,43.0,52413.0,35.0,HR,Delhi,4.3,882.0,57,0.87
861,51.0,54801.0,10.0,HR,Bangalore,3.53,20224.0,36,0.03
862,20.0,75619.0,14.0,Sales,Mumbai,4.14,39691.0,30,0.09
863,67.0,52913.0,,IT,Pune,3.39,,54,0.85
864,29.0,132573.0,6.0,Finance,Bangalore,2.66,30825.0,40,0.63
865,18.0,139076.0,27.0,IT,Bangalore,4.83,5204.0,35,0.75
866,61.0,60600.0,4.0,IT,Mumbai,,28885.0,49,0.21
867,22.0,77775.0,4.0,IT,Pune,3.42,40056.0,32,0.54
868,47.0,110816.0,29.0,HR,Bangalore,1.88,3203.0,48,0.74
869,47.0,149972.0,31.0,Marketing,Bangalore,3.5,2244.0,31,0.63
870,34.0,110093.0,7.0,HR,Ahmedabad,3.29,32786.0,47,0.47
871,65.0,132590.0,9.0,HR,Bangalore,1.74,49793.0,59,0.96
872,64.0,55400.0,37.0,IT,Ahmedabad,1.24,3083.0,41,0.68
873,,24494.0,31.0,HR,Pune,3.42,,58,0.91
874,32.0,100688.0,27.0,IT,Pune,4.05,8521.0,39,0.73
875,,142744.0,16.0,Marketing,Pune,,33541.0,34,0.74
876,38.0,,30.0,Finance,Delhi,1.91,29063.0,38,0.08
877,,94691.0,7.0,IT,Pune,,4732.0,31,0.36
878,19.0,117419.0,,Marketing,Bangalore,1.32,27518.0,31,0.86
879,28.0,128730.0,24.0,Finance,Mumbai,2.77,39563.0,57,0.23
880,68.0,63001.0,8.0,Sales,Ahmedabad,1.65,39752.0,35,0.12
881,56.0,87364.0,1.0,IT,Delhi,1.74,29697.0,58,0.33
882,55.0,144988.0,14.0,IT,Pune,1.81,,39,0.22
883,51.0,,2.0,Sales,Pune,2.55,16121.0,47,0.93
884,55.0,127434.0,35.0,Sales,Mumbai,1.2,1674.0,41,0.87
885,67.0,117659.0,3.0,IT,Mumbai,2.59,10875.0,33,0.5
886,51.0,57573.0,,Sales,Delhi,3.05,,51,0.06
887,35.0,20806.0,24.0,HR,Ahmedabad,2.93,739.0,50,0.71
888,47.0,144343.0,9.0,Finance,Pune,2.53,1545.0,46,0.62
889,,76638.0,20.0,Finance,Delhi,4.36,29140.0,44,0.97
890,44.0,148301.0,35.0,Finance,Bangalore,1.58,,35,0.56
891,68.0,146295.0,11.0,HR,Bangalore,3.02,5127.0,45,0.34
892,51.0,126506.0,26.0,Sales,Delhi,1.25,23331.0,46,0.52
893,69.0,49757.0,39.0,Marketing,Pune,1.28,23004.0,32,0.98
894,55.0,54636.0,,Sales,Delhi,3.3,41833.0,39,0.7
895,50.0,,12.0,IT,Pune,3.26,10492.0,34,0.67
896,41.0,68280.0,,Finance,Mumbai,4.51,13749.0,43,0.24
897,32.0,44262.0,30.0,Sales,Delhi,3.23,23508.0,55,0.74
898,47.0,100435.0,,Marketing,Pune,4.84,9045.0,58,0.75
899,,82211.0,31.0,IT,Delhi,1.19,20116.0,50,0.32
900,,74842.0,31.0,HR,Delhi,1.39,18667.0,42,0.48
901,34.0,148583.0,33.0,HR,Pune,1.18,9521.0,55,0.29
902,22.0,76979.0,10.0,Marketing,Pune,1.74,8669.0,35,0.26
903,,,9.0,IT,Ahmedabad,3.17,27302.0,41,0.03
904,21.0,101470.0,14.0,Finance,Delhi,3.58,11283.0,55,0.29
905,27.0,58197.0,16.0,Sales,Bangalore,1.18,30935.0,37,0.55
906,34.0,61844.0,39.0,IT,Delhi,,6998.0,34,0.0
907,27.0,84754.0,17.0,HR,Delhi,4.37,28806.0,59,0.28
908,34.0,,,Marketing,Pune,2.19,31624.0,44,0.88
909,37.0,,24.0,Marketing,Delhi,1.31,13440.0,56,0.59
910,41.0,97129.0,,Sales,Delhi,1.68,,45,0.61
911,22.0,,,Marketing,Bangalore,1.51,46501.0,30,0.4
912,51.0,81665.0,24.0,Marketing,Pune,1.49,21797.0,45,0.68
913,23.0,135512.0,21.0,IT,Delhi,3.07,1269.0,34,0.19
914,19.0,136953.0,29.0,Finance,Mumbai,1.98,7868.0,32,0.82
915,30.0,102856.0,19.0,Sales,Ahmedabad,2.43,30251.0,49,0.12
916,60.0,47376.0,20.0,IT,Bangalore,4.96,12373.0,44,0.66
917,60.0,129049.0,31.0,Finance,Delhi,3.74,18987.0,42,0.34
918,65.0,75554.0,20.0,IT,Mumbai,4.8,38729.0,53,0.75
919,28.0,34199.0,34.0,IT,Delhi,1.57,15734.0,45,0.55
920,68.0,138533.0,31.0,Marketing,Delhi,2.53,,52,0.45
921,64.0,101412.0,29.0,Finance,Pune,3.22,41337.0,40,0.17
922,40.0,70948.0,38.0,Sales,Pune,1.31,40325.0,50,0.64
923,33.0,93781.0,11.0,Sales,Pune,1.02,18064.0,31,0.97
924,48.0,92750.0,17.0,Finance,Mumbai,,8433.0,51,0.83
925,,86262.0,20.0,Marketing,Delhi,3.57,48421.0,56,0.06
926,33.0,137424.0,12.0,HR,Ahmedabad,2.64,,35,0.38
927,25.0,66600.0,20.0,IT,Bangalore,,38450.0,55,0.93
928,21.0,96898.0,7.0,Marketing,Pune,,48247.0,55,0.5
929,57.0,82483.0,39.0,Finance,Pune,1.1,15047.0,59,0.66
930,21.0,,6.0,IT,Delhi,2.34,8084.0,56,0.91
931,42.0,50448.0,22.0,Sales,Delhi,1.71,21751.0,35,0.87
932,20.0,46172.0,31.0,HR,Mumbai,,16453.0,43,0.5
933,49.0,62874.0,10.0,Sales,Mumbai,4.83,20308.0,54,0.44
934,20.0,27657.0,21.0,Finance,Pune,3.4,38968.0,40,0.34
935,44.0,104386.0,21.0,IT,Delhi,3.91,30077.0,37,0.72
936,46.0,,,Finance,Ahmedabad,2.26,43046.0,37,0.29
937,49.0,45425.0,21.0,IT,Bangalore,,34775.0,30,0.25
938,67.0,46685.0,27.0,Marketing,Delhi,1.95,48570.0,50,0.36
939,68.0,142000.0,28.0,HR,Delhi,1.39,46097.0,36,0.18
940,36.0,132855.0,12.0,Marketing,Mumbai,1.72,24503.0,35,0.7
941,38.0,44578.0,17.0,Marketing,Bangalore,4.19,2779.0,50,0.62
942,,48831.0,1.0,Finance,Pune,3.71,,37,0.48
943,,27906.0,28.0,HR,Delhi,3.19,755.0,48,0.39
944,45.0,81413.0,20.0,IT,Pune,2.9,39263.0,51,0.91
945,59.0,74028.0,14.0,IT,Delhi,4.69,42955.0,50,0.03
946,39.0,,26.0,Sales,Pune,1.29,42281.0,53,0.77
947,38.0,53660.0,30.0,IT,Bangalore,2.12,17400.0,49,0.9
948,23.0,95758.0,14.0,Finance,Mumbai,2.4,40115.0,37,0.45
949,18.0,80504.0,22.0,Marketing,Bangalore,4.13,,55,0.55
950,,79720.0,23.0,Marketing,Ahmedabad,4.97,47647.0,43,0.94
951,58.0,122979.0,12.0,Marketing,Mumbai,1.96,46825.0,47,0.21
952,29.0,54701.0,21.0,HR,Bangalore,4.5,44825.0,54,0.52
953,43.0,103300.0,36.0,IT,Ahmedabad,4.32,24600.0,58,0.47
954,63.0,130177.0,32.0,Finance,Delhi,1.9,37706.0,45,0.26
955,51.0,37674.0,2.0,HR,Delhi,2.6,,38,0.82
956,66.0,103560.0,18.0,Sales,Pune,2.64,33505.0,44,0.9
957,,131543.0,22.0,Finance,Mumbai,,38968.0,59,0.78
958,43.0,43874.0,28.0,Finance,Delhi,1.72,41139.0,55,0.2
959,62.0,63642.0,29.0,Finance,Mumbai,4.2,,39,0.09
960,44.0,143867.0,38.0,Marketing,Delhi,2.34,41302.0,58,0.61
961,26.0,117820.0,24.0,Finance,Pune,3.92,29148.0,51,0.06
962,43.0,85160.0,36.0,IT,Bangalore,2.68,22302.0,45,0.67
963,64.0,37602.0,7.0,Finance,Pune,3.31,2623.0,33,0.53
964,39.0,123320.0,15.0,Marketing,Ahmedabad,4.33,,49,0.66
965,64.0,108801.0,7.0,Finance,Delhi,4.22,13543.0,42,0.59
966,47.0,45931.0,0.0,Sales,Ahmedabad,4.47,28960.0,51,0.42
967,,114377.0,4.0,Sales,Ahmedabad,1.24,22785.0,34,0.2
968,65.0,,2.0,Marketing,Mumbai,3.77,12817.0,51,0.31
969,34.0,,0.0,IT,Delhi,1.56,31406.0,36,0.52
970,43.0,,3.0,IT,Ahmedabad,2.66,23456.0,52,0.65
971,,62520.0,39.0,HR,Bangalore,3.19,23777.0,38,0.78
972,18.0,84772.0,34.0,Marketing,Ahmedabad,2.61,20914.0,37,0.77
973,25.0,78762.0,,Finance,Bangalore,3.08,,58,0.97
974,66.0,70106.0,33.0,Marketing,Mumbai,,23548.0,45,0.29
975,52.0,101121.0,24.0,HR,Ahmedabad,1.54,37265.0,35,0.07
976,69.0,45559.0,9.0,Marketing,Pune,3.7,40701.0,57,0.35
977,32.0,125595.0,20.0,Marketing,Mumbai,2.58,6727.0,45,0.74
978,,53742.0,38.0,HR,Bangalore,1.53,,35,0.44
979,39.0,89669.0,26.0,IT,Mumbai,1.63,32427.0,43,0.82
980,31.0,100199.0,26.0,Finance,Ahmedabad,,16692.0,50,0.55
981,43.0,41754.0,1.0,HR,Delhi,4.52,31625.0,30,0.93
982,45.0,23972.0,12.0,Sales,Delhi,4.63,24918.0,54,0.95
983,40.0,90831.0,8.0,IT,Bangalore,4.97,41395.0,38,0.07
984,31.0,132217.0,35.0,Sales,Bangalore,1.83,41136.0,54,0.46
985,41.0,61873.0,21.0,IT,Delhi,2.42,49290.0,56,0.61
986,19.0,114661.0,25.0,Finance,Bangalore,3.68,,53,0.26
987,62.0,126532.0,11.0,Finance,Mumbai,2.94,,42,0.41
988,43.0,146267.0,16.0,Marketing,Pune,2.67,19619.0,55,0.68
989,31.0,29903.0,13.0,Sales,Pune,2.43,,58,0.23
990,68.0,,13.0,IT,Mumbai,3.38,33710.0,48,0.6
991,24.0,,33.0,Finance,Pune,3.3,37388.0,46,0.7
992,20.0,105956.0,19.0,HR,Ahmedabad,1.65,16195.0,40,0.09
993,64.0,106988.0,10.0,Finance,Mumbai,2.89,27689.0,57,0.5
994,40.0,65648.0,15.0,HR,Bangalore,3.21,11154.0,57,0.26
995,63.0,123537.0,30.0,IT,Mumbai,3.28,39121.0,37,0.72
996,60.0,145991.0,5.0,Finance,Delhi,1.84,29412.0,52,0.19
997,,29516.0,18.0,Finance,Bangalore,3.97,21341.0,58,0.89
998,62.0,132863.0,36.0,IT,Delhi,1.1,32018.0,34,0.43
999,35.0,135005.0,3.0,Finance,Bangalore,2.42,9145.0,39,0.2
1000,55.0,22396.0,3.0,HR,Pune,4.12,42262.0,36,0.44
