user_id,age,gender,city,salary,experience_years,department,performance_score,joining_year
1,56.0,Female,Bangalore,,3.0,IT,,
2,,Male,Delhi,,11.0,Finance,,
3,46.0,Male,nan,55000.0,,HR,5.0,2024.0
4,32.0,Male,Pune,,1.0,Finance,,2022.0
5,,Male,Bangalore,115000.0,,nan,,2024.0
6,25.0,Male,Bangalore,,,Finance,1.0,2013.0
7,38.0,Male,Ahmedabad,145000.0,,IT,,
8,56.0,Male,Ahmedabad,,,IT,,2021.0
9,36.0,Male,nan,120000.0,4.0,Finance,3.0,2013.0
10,40.0,Female,Pune,,7.0,IT,,2012.0
11,28.0,Female,Bangalore,,6.0,IT,,
12,28.0,Female,nan,,13.0,Finance,2.0,
13,41.0,Female,nan,60000.0,,Sales,,
14,53.0,Female,Mumbai,135000.0,,Sales,1.0,
15,57.0,Male,Ahmedabad,,2.0,HR,5.0,2021.0
16,41.0,Female,Pune,,,IT,,2013.0
17,20.0,Female,Bangalore,100000.0,,Finance,,2021.0
18,39.0,Female,nan,135000.0,,IT,,
19,19.0,Male,Bangalore,120000.0,,nan,2.0,2024.0
20,41.0,Male,Mumbai,,,IT,,
21,,Male,Pune,,,IT,3.0,2014.0
22,47.0,Male,nan,,,Sales,,2024.0
23,55.0,Female,Bangalore,80000.0,,Finance,3.0,
24,19.0,Female,Ahmedabad,70000.0,7.0,IT,,
25,38.0,Male,Mumbai,,0.0,Sales,,2014.0
26,50.0,nan,Pune,110000.0,,HR,2.0,2022.0
27,29.0,Female,Mumbai,70000.0,11.0,Sales,4.0,
28,39.0,Male,Ahmedabad,80000.0,,Sales,,2022.0
29,,Male,Pune,,10.0,Sales,,
30,42.0,Male,Mumbai,,4.0,IT,5.0,2023.0
31,,Male,Delhi,20000.0,11.0,IT,,2013.0
32,44.0,Male,Ahmedabad,,,HR,5.0,2013.0
33,59.0,Male,Ahmedabad,,5.0,nan,,
34,45.0,Male,Ahmedabad,110000.0,0.0,nan,,
35,33.0,Male,Delhi,75000.0,4.0,nan,1.0,
36,32.0,Female,Delhi,55000.0,,HR,,2022.0
37,,Male,Bangalore,55000.0,13.0,nan,4.0,2021.0
38,,Female,nan,,4.0,nan,5.0,2016.0
39,,Male,Mumbai,75000.0,,Sales,,2021.0
40,,nan,Bangalore,,,IT,5.0,2013.0
41,20.0,Male,Mumbai,,0.0,IT,1.0,2011.0
42,54.0,Male,nan,145000.0,,Sales,,2011.0
43,,nan,Delhi,,,Sales,2.0,2014.0
44,24.0,Female,nan,,8.0,Sales,,2019.0
45,38.0,Female,Delhi,40000.0,,IT,,2019.0
46,26.0,Male,nan,55000.0,,nan,2.0,2018.0
47,56.0,Male,Bangalore,140000.0,4.0,Sales,,2022.0
48,35.0,Female,Pune,,1.0,HR,,2016.0
49,21.0,Other,Bangalore,,14.0,Sales,,2014.0
50,42.0,Female,Mumbai,130000.0,6.0,Finance,,2019.0
51,31.0,Female,Bangalore,,3.0,Sales,,2019.0
52,,Male,Ahmedabad,,0.0,IT,2.0,2015.0
53,26.0,Female,Mumbai,130000.0,12.0,Sales,,
54,43.0,Male,nan,115000.0,,Finance,3.0,2017.0
55,19.0,Male,Mumbai,105000.0,,HR,,2010.0
56,37.0,Male,Pune,105000.0,6.0,nan,5.0,
57,45.0,Female,Delhi,25000.0,14.0,Sales,3.0,2016.0
58,,Male,nan,35000.0,,Finance,1.0,2023.0
59,24.0,Male,Mumbai,,13.0,Finance,,
60,,Female,nan,,,HR,3.0,2018.0
61,25.0,Male,nan,,,IT,2.0,
62,,Female,nan,105000.0,,Sales,1.0,2014.0
63,52.0,Male,Delhi,,,Finance,4.0,
64,31.0,Female,Bangalore,110000.0,,HR,,2017.0
65,34.0,Female,nan,,,nan,3.0,2015.0
66,53.0,Male,Ahmedabad,,,Finance,1.0,2020.0
67,,Male,Pune,115000.0,9.0,HR,4.0,
68,57.0,Male,Delhi,,8.0,IT,,2013.0
69,21.0,Male,Mumbai,75000.0,,IT,1.0,
70,19.0,nan,Delhi,90000.0,7.0,Finance,2.0,2010.0
71,23.0,Male,Mumbai,,9.0,Finance,,2022.0
72,59.0,Female,Delhi,,,Sales,2.0,2023.0
73,21.0,Male,Mumbai,25000.0,1.0,HR,3.0,2010.0
74,46.0,Female,nan,,5.0,Finance,,2020.0
75,35.0,Female,Bangalore,,4.0,Sales,3.0,
76,43.0,Female,Mumbai,65000.0,8.0,Sales,,2013.0
77,,Female,Mumbai,25000.0,4.0,Finance,,2021.0
78,51.0,Male,Ahmedabad,70000.0,,IT,3.0,2019.0
79,27.0,Male,Mumbai,80000.0,,HR,,2015.0
80,53.0,Other,Ahmedabad,65000.0,8.0,HR,1.0,2010.0
81,31.0,Female,Pune,85000.0,,IT,,2016.0
82,48.0,nan,nan,105000.0,,Finance,3.0,
83,,Male,Ahmedabad,60000.0,11.0,HR,1.0,2023.0
84,32.0,Female,Bangalore,,6.0,Finance,2.0,
85,25.0,Other,nan,,2.0,Finance,,
86,31.0,Male,Ahmedabad,30000.0,9.0,Sales,,2015.0
87,40.0,Male,nan,115000.0,1.0,IT,2.0,2014.0
88,57.0,Female,nan,45000.0,,Finance,2.0,
89,38.0,Female,nan,,2.0,nan,,2024.0
90,33.0,Female,Pune,25000.0,,IT,,2015.0
91,,Male,Bangalore,,1.0,HR,5.0,
92,35.0,Female,Delhi,,,Sales,,2010.0
93,,Male,Delhi,30000.0,9.0,HR,,2010.0
94,41.0,Male,Ahmedabad,95000.0,5.0,HR,,2022.0
95,43.0,Male,nan,,,IT,,2012.0
96,42.0,Female,Ahmedabad,,10.0,HR,,2019.0
97,,Female,Pune,25000.0,,Finance,,2012.0
98,58.0,Female,Pune,100000.0,6.0,HR,,2018.0
99,46.0,Male,Mumbai,,14.0,Sales,4.0,2017.0
100,32.0,Female,Pune,75000.0,5.0,Sales,2.0,2012.0
101,,Male,Mumbai,,,nan,,2022.0
102,18.0,Female,Bangalore,,8.0,Sales,4.0,2015.0
103,42.0,Male,Ahmedabad,20000.0,,HR,,2022.0
104,24.0,Male,Bangalore,,,Sales,4.0,
105,26.0,Female,Pune,90000.0,11.0,IT,,
106,41.0,Male,Bangalore,145000.0,,Sales,,2021.0
107,18.0,Female,Bangalore,,,Finance,,2022.0
108,,Female,Bangalore,120000.0,2.0,IT,,2011.0
109,25.0,Male,Pune,,14.0,nan,4.0,
110,41.0,Female,nan,140000.0,1.0,Finance,1.0,2015.0
111,28.0,Male,Bangalore,130000.0,,HR,3.0,
112,,Female,Mumbai,135000.0,1.0,HR,,2022.0
113,34.0,Other,Pune,,,HR,4.0,
114,25.0,Female,Bangalore,,2.0,Finance,5.0,2018.0
115,52.0,Male,nan,120000.0,5.0,Finance,,
116,52.0,Other,Pune,,14.0,Finance,5.0,2011.0
117,50.0,Female,Delhi,105000.0,9.0,IT,4.0,
118,22.0,Male,nan,,8.0,IT,2.0,
119,59.0,Male,Mumbai,,0.0,HR,2.0,2016.0
120,56.0,Female,Bangalore,,,Sales,4.0,2019.0
121,58.0,Female,Delhi,60000.0,5.0,HR,,2019.0
122,45.0,Female,Delhi,,8.0,nan,,
123,24.0,Female,Pune,,3.0,IT,,2018.0
124,26.0,Female,Delhi,,1.0,Finance,,
125,25.0,Male,Mumbai,,3.0,IT,3.0,2024.0
126,29.0,Male,Mumbai,,0.0,Finance,,2011.0
127,51.0,Male,Ahmedabad,30000.0,,nan,5.0,2013.0
128,50.0,Female,Mumbai,30000.0,,nan,3.0,
129,,Male,nan,,9.0,IT,5.0,
130,40.0,Female,Delhi,,,Finance,,2014.0
131,41.0,Female,Mumbai,90000.0,14.0,nan,4.0,2016.0
132,54.0,Female,Pune,,,HR,,
133,52.0,Male,Ahmedabad,130000.0,,HR,5.0,2016.0
134,,Female,Delhi,,,Finance,,
135,57.0,Male,Ahmedabad,70000.0,,IT,,2016.0
136,39.0,Female,Delhi,,,nan,,2013.0
137,44.0,Male,Pune,,,IT,4.0,2017.0
138,52.0,Male,Ahmedabad,,3.0,HR,,2022.0
139,18.0,Female,Bangalore,135000.0,1.0,nan,2.0,2013.0
140,52.0,Male,nan,,,IT,,2015.0
141,54.0,Male,nan,,12.0,Sales,,2014.0
142,,Female,Delhi,,0.0,Finance,,2021.0
143,31.0,Female,Bangalore,,,Finance,,2013.0
144,20.0,Female,Ahmedabad,50000.0,12.0,Sales,,2018.0
145,18.0,Female,Bangalore,35000.0,3.0,HR,,2013.0
146,22.0,Female,Bangalore,,6.0,nan,5.0,
147,43.0,Male,Ahmedabad,20000.0,,Finance,,2023.0
148,31.0,Male,Pune,20000.0,8.0,Sales,,2014.0
149,56.0,Male,Bangalore,115000.0,3.0,Sales,3.0,
150,44.0,Other,Bangalore,110000.0,,HR,5.0,2019.0
151,26.0,Female,Pune,,0.0,HR,,
152,32.0,Male,Bangalore,65000.0,9.0,IT,,2021.0
153,32.0,Female,Bangalore,105000.0,3.0,Finance,2.0,
154,43.0,Other,Bangalore,,8.0,IT,4.0,
155,59.0,Male,nan,,12.0,Sales,,2020.0
156,30.0,Female,Mumbai,,13.0,nan,1.0,2012.0
157,,Female,Pune,,9.0,nan,2.0,
158,49.0,Female,Bangalore,,5.0,HR,,2010.0
159,56.0,Male,nan,70000.0,,nan,,2024.0
160,,Female,Pune,,5.0,nan,,2018.0
161,,Other,Delhi,40000.0,,nan,,2024.0
162,49.0,Female,Delhi,55000.0,9.0,Sales,,2012.0
163,21.0,Female,Bangalore,,,nan,,
164,47.0,Other,nan,75000.0,,nan,3.0,2022.0
165,54.0,Female,nan,,,nan,,2021.0
166,40.0,Male,Pune,20000.0,2.0,IT,3.0,
167,56.0,Female,Pune,,,Sales,2.0,2010.0
168,,Female,nan,35000.0,,HR,,
169,32.0,Male,Pune,,,IT,4.0,2022.0
170,,Female,nan,40000.0,14.0,Finance,5.0,2010.0
171,46.0,Other,Mumbai,,14.0,Sales,3.0,2019.0
172,53.0,Other,nan,135000.0,3.0,Sales,,2024.0
173,30.0,Female,Delhi,30000.0,8.0,Finance,3.0,2016.0
174,49.0,Male,Pune,70000.0,,Finance,,
175,24.0,nan,nan,,,Finance,,
176,,Female,nan,35000.0,,HR,4.0,2023.0
177,39.0,Male,Pune,145000.0,10.0,nan,,
178,45.0,Other,Mumbai,,,Sales,,2016.0
179,19.0,Female,Mumbai,,8.0,nan,3.0,
180,59.0,Female,Pune,,9.0,nan,,
181,,Female,Ahmedabad,,,Finance,1.0,2021.0
182,23.0,Male,Pune,,,HR,3.0,2017.0
183,45.0,Male,Pune,45000.0,12.0,IT,,2011.0
184,45.0,Male,Mumbai,90000.0,7.0,HR,4.0,2016.0
185,,Female,Mumbai,,6.0,nan,,2013.0
186,,Male,Pune,,,HR,3.0,
187,37.0,Male,Pune,,,Finance,1.0,2015.0
188,47.0,Male,Pune,,,IT,,2018.0
189,28.0,Female,Mumbai,,14.0,Finance,,2018.0
190,45.0,Other,Pune,,,IT,,2023.0
191,42.0,Male,Pune,,14.0,nan,3.0,2017.0
192,56.0,Male,Bangalore,130000.0,0.0,IT,,
193,50.0,Female,Ahmedabad,45000.0,,IT,2.0,2012.0
194,18.0,Female,Delhi,35000.0,13.0,IT,4.0,
195,44.0,Male,Ahmedabad,105000.0,4.0,HR,3.0,2014.0
196,,Female,Bangalore,60000.0,10.0,HR,,2023.0
197,30.0,Male,Delhi,,,nan,1.0,2013.0
198,58.0,Male,Pune,80000.0,1.0,IT,,2016.0
199,20.0,Female,Bangalore,100000.0,7.0,Sales,,
200,56.0,Male,Pune,,10.0,nan,2.0,2021.0
201,23.0,Other,Mumbai,,,IT,4.0,2011.0
202,25.0,Male,nan,125000.0,2.0,IT,,2020.0
203,44.0,Female,Bangalore,35000.0,0.0,HR,,2023.0
204,26.0,Female,Mumbai,40000.0,10.0,nan,,
205,54.0,Male,Bangalore,,,IT,2.0,
206,50.0,Female,Bangalore,,,IT,,2015.0
207,,Male,Mumbai,80000.0,,nan,,2013.0
208,59.0,nan,Delhi,,,Sales,,2024.0
209,,Male,Ahmedabad,,9.0,nan,,2010.0
210,41.0,Male,Pune,125000.0,,nan,1.0,2016.0
211,32.0,Male,Bangalore,130000.0,5.0,Sales,,2021.0
212,49.0,nan,Pune,30000.0,,nan,,2019.0
213,49.0,Female,nan,,3.0,IT,3.0,2014.0
214,41.0,Female,Mumbai,,12.0,nan,2.0,2021.0
215,58.0,Male,Pune,,,Sales,3.0,
216,,Female,Mumbai,,13.0,Finance,,2019.0
217,,Male,Pune,120000.0,2.0,nan,3.0,2015.0
218,,Female,Ahmedabad,,9.0,HR,,2021.0
219,,Male,Ahmedabad,,5.0,IT,5.0,2016.0
220,29.0,Male,Ahmedabad,120000.0,0.0,IT,,
221,56.0,Male,Ahmedabad,,,HR,,2011.0
222,19.0,Female,Ahmedabad,70000.0,,HR,,2019.0
223,20.0,Female,Ahmedabad,,13.0,nan,,2024.0
224,,Male,Mumbai,35000.0,7.0,HR,3.0,2021.0
225,54.0,Female,Bangalore,20000.0,,Finance,4.0,
226,,Female,Pune,,13.0,Sales,,2013.0
227,34.0,Female,Ahmedabad,135000.0,9.0,HR,,2016.0
228,,Male,Mumbai,,,HR,,2018.0
229,19.0,Male,Mumbai,80000.0,8.0,Finance,1.0,
230,19.0,Female,Mumbai,,5.0,IT,,2016.0
231,45.0,Male,Bangalore,70000.0,10.0,IT,,2011.0
232,40.0,Male,Pune,,,nan,,2015.0
233,54.0,Female,Bangalore,100000.0,6.0,Finance,4.0,
234,49.0,Other,Delhi,,,Sales,3.0,2015.0
235,50.0,Male,Mumbai,105000.0,0.0,Sales,3.0,2022.0
236,18.0,Male,Delhi,,,Finance,,
237,36.0,Female,nan,125000.0,4.0,Sales,,2011.0
238,19.0,Male,Ahmedabad,135000.0,8.0,IT,,2021.0
239,,Male,Ahmedabad,110000.0,,Sales,1.0,2024.0
240,43.0,Male,Bangalore,,,Sales,,2023.0
241,49.0,Female,Pune,,,Finance,,2015.0
242,23.0,Female,Delhi,120000.0,1.0,Finance,,
243,49.0,Male,Pune,55000.0,10.0,Sales,,2014.0
244,21.0,Male,Bangalore,,5.0,HR,,
245,28.0,Male,Ahmedabad,40000.0,7.0,Finance,5.0,2012.0
246,34.0,Female,Pune,100000.0,3.0,nan,1.0,2012.0
247,55.0,Male,Pune,,,nan,2.0,2019.0
248,41.0,Male,Ahmedabad,,10.0,IT,4.0,
249,22.0,Female,Delhi,110000.0,4.0,Sales,5.0,2012.0
250,,Male,Ahmedabad,,14.0,HR,,2021.0
251,51.0,Female,Pune,,,IT,1.0,
252,23.0,Male,Delhi,70000.0,1.0,Sales,3.0,
253,39.0,Male,Delhi,,,Finance,5.0,2016.0
254,28.0,Male,Ahmedabad,75000.0,10.0,nan,3.0,2022.0
255,,Female,Pune,120000.0,,HR,4.0,2011.0
256,33.0,Female,Bangalore,70000.0,12.0,nan,3.0,2013.0
257,50.0,Female,Pune,,3.0,Finance,4.0,2019.0
258,26.0,Male,Mumbai,,,Sales,1.0,2016.0
259,23.0,Female,nan,40000.0,6.0,Finance,,
260,33.0,Male,Bangalore,100000.0,10.0,Finance,4.0,
261,46.0,Male,Delhi,115000.0,,nan,,2015.0
262,20.0,Female,Bangalore,,,HR,2.0,
263,37.0,Male,Delhi,,3.0,Finance,2.0,2014.0
264,53.0,Male,Delhi,75000.0,14.0,nan,,2019.0
265,36.0,Male,Bangalore,45000.0,0.0,HR,2.0,2018.0
266,43.0,Male,Delhi,100000.0,,Sales,,2022.0
267,20.0,Male,Delhi,110000.0,2.0,Sales,2.0,
268,36.0,Female,Mumbai,145000.0,13.0,IT,4.0,2015.0
269,37.0,Male,Pune,,5.0,nan,,2013.0
270,49.0,Female,Pune,,,HR,,2012.0
271,24.0,Female,nan,,,Finance,3.0,2012.0
272,,Male,nan,45000.0,0.0,Sales,,2013.0
273,58.0,Male,Mumbai,,5.0,HR,2.0,2014.0
274,50.0,Male,nan,,5.0,nan,,2017.0
275,57.0,Female,Bangalore,70000.0,,IT,,
276,56.0,Male,Ahmedabad,,,Sales,4.0,2012.0
277,35.0,Female,Ahmedabad,135000.0,4.0,HR,1.0,2021.0
278,57.0,Male,Ahmedabad,130000.0,,HR,1.0,2017.0
279,18.0,Female,Mumbai,90000.0,9.0,HR,2.0,2022.0
280,28.0,Male,Mumbai,,,nan,,2013.0
281,45.0,Male,Delhi,70000.0,,nan,2.0,2023.0
282,42.0,Other,Ahmedabad,100000.0,6.0,nan,2.0,2023.0
283,,Female,Bangalore,85000.0,2.0,Finance,,2022.0
284,40.0,Male,nan,,12.0,HR,,2015.0
285,48.0,Female,Bangalore,105000.0,14.0,Sales,,
286,47.0,Female,nan,,,nan,,2013.0
287,59.0,Female,Ahmedabad,35000.0,,nan,,2017.0
288,52.0,Female,Ahmedabad,50000.0,2.0,HR,,
289,24.0,Male,Ahmedabad,,3.0,nan,,2012.0
290,33.0,Male,Mumbai,,4.0,Finance,2.0,
291,43.0,Male,nan,60000.0,0.0,Finance,1.0,2018.0
292,,Female,Mumbai,55000.0,3.0,nan,5.0,2011.0
293,,Female,Mumbai,,11.0,HR,,2022.0
294,,Male,Pune,100000.0,,HR,,
295,19.0,Male,Bangalore,100000.0,9.0,HR,4.0,2011.0
296,18.0,Female,Bangalore,,,IT,5.0,
297,,nan,Delhi,,,nan,5.0,2020.0
298,29.0,Female,Mumbai,55000.0,,HR,,2024.0
299,22.0,Male,nan,110000.0,,Finance,3.0,2020.0
300,54.0,Male,Pune,,,Sales,5.0,2012.0
301,49.0,Male,Pune,30000.0,,Sales,2.0,2012.0
302,26.0,Other,Bangalore,40000.0,12.0,HR,,2021.0
303,58.0,Male,Mumbai,80000.0,,Sales,1.0,2014.0
304,52.0,Female,Delhi,,13.0,Sales,1.0,
305,36.0,Male,Mumbai,,,IT,,2016.0
306,,Female,Ahmedabad,95000.0,4.0,Finance,,2016.0
307,33.0,Female,Mumbai,,3.0,Finance,2.0,2022.0
308,20.0,Female,Ahmedabad,125000.0,13.0,IT,4.0,2018.0
309,37.0,Male,Ahmedabad,,9.0,IT,5.0,2022.0
310,41.0,Male,Delhi,125000.0,,Sales,,2021.0
311,50.0,Male,nan,,9.0,nan,2.0,2022.0
312,41.0,Other,Bangalore,30000.0,6.0,Sales,,2019.0
313,,Female,Mumbai,65000.0,,IT,1.0,2010.0
314,28.0,Female,Ahmedabad,,0.0,Finance,,2017.0
315,,Female,Mumbai,120000.0,,Sales,,
316,25.0,Female,nan,95000.0,,nan,5.0,2022.0
317,53.0,Male,Bangalore,75000.0,8.0,Sales,5.0,2012.0
318,55.0,Other,nan,25000.0,5.0,HR,4.0,2012.0
319,57.0,Male,Bangalore,,,Sales,3.0,2014.0
320,37.0,Male,Pune,135000.0,12.0,IT,,2020.0
321,52.0,Female,Bangalore,,2.0,Finance,5.0,2016.0
322,,Male,Delhi,,6.0,Finance,,2019.0
323,42.0,Male,nan,,,IT,,2019.0
324,52.0,Female,Ahmedabad,,8.0,HR,5.0,
325,42.0,Male,Pune,110000.0,,IT,,2011.0
326,46.0,Female,Delhi,55000.0,4.0,Sales,,2012.0
327,35.0,Male,Mumbai,145000.0,9.0,IT,2.0,2017.0
328,,Male,nan,,,IT,,2020.0
329,35.0,Male,Ahmedabad,50000.0,,HR,4.0,2022.0
330,19.0,Male,Bangalore,,11.0,Sales,,2016.0
331,52.0,Female,Ahmedabad,50000.0,,nan,,2022.0
332,33.0,Male,Mumbai,30000.0,,nan,,2011.0
333,58.0,Female,Pune,20000.0,2.0,Finance,2.0,2015.0
334,53.0,Female,Pune,,,IT,,2018.0
335,50.0,Female,nan,140000.0,,Finance,,
336,21.0,Other,Pune,,8.0,HR,1.0,2011.0
337,50.0,Female,nan,20000.0,14.0,nan,2.0,
338,31.0,Male,nan,90000.0,4.0,IT,,
339,38.0,Male,nan,,,HR,1.0,2021.0
340,,Male,Bangalore,80000.0,12.0,HR,1.0,2016.0
341,37.0,Female,Delhi,,13.0,IT,1.0,2016.0
342,25.0,Male,nan,55000.0,,HR,,
343,24.0,Female,nan,40000.0,14.0,IT,4.0,2022.0
344,20.0,Female,Delhi,60000.0,,IT,4.0,2020.0
345,34.0,Male,Ahmedabad,20000.0,,Sales,2.0,2015.0
346,50.0,Female,nan,,12.0,Finance,1.0,2023.0
347,,Male,Bangalore,,,HR,,2015.0
348,29.0,Male,Pune,25000.0,,HR,,2015.0
349,,Female,Pune,,7.0,Sales,,2011.0
350,39.0,Female,Mumbai,130000.0,,Sales,4.0,
351,39.0,Female,Mumbai,60000.0,1.0,Sales,,2024.0
352,,Male,Pune,,4.0,nan,2.0,
353,47.0,Male,Pune,,5.0,nan,,2017.0
354,55.0,Female,Bangalore,85000.0,11.0,nan,2.0,2014.0
355,55.0,Female,Delhi,35000.0,,IT,,
356,,Female,Mumbai,,,HR,,
357,,Male,Delhi,,,Finance,,2010.0
358,25.0,Female,Bangalore,,0.0,IT,1.0,
359,44.0,Male,Pune,70000.0,,HR,,2024.0
360,44.0,Male,nan,,10.0,HR,2.0,2014.0
361,51.0,Other,Delhi,55000.0,9.0,Sales,,2016.0
362,38.0,Male,Pune,30000.0,,Sales,1.0,
363,47.0,nan,Pune,85000.0,13.0,IT,5.0,2015.0
364,50.0,Male,Ahmedabad,80000.0,9.0,Sales,,2014.0
365,45.0,Male,Delhi,,14.0,HR,,
366,,Female,nan,,,Sales,1.0,2019.0
367,50.0,Female,Delhi,,3.0,nan,2.0,2024.0
368,22.0,Female,Pune,,1.0,Sales,,2019.0
369,,Female,nan,110000.0,8.0,HR,,
370,36.0,Female,Bangalore,,9.0,IT,3.0,2021.0
371,21.0,Female,Ahmedabad,95000.0,10.0,Finance,,
372,52.0,Female,Pune,25000.0,13.0,Sales,2.0,2010.0
373,,Male,Mumbai,,6.0,HR,,
374,34.0,Female,Mumbai,100000.0,,Finance,4.0,2015.0
375,,Male,Ahmedabad,,14.0,Finance,3.0,2012.0
376,45.0,nan,Bangalore,,,nan,,2011.0
377,47.0,Other,Pune,95000.0,,Finance,,2011.0
378,46.0,Male,Delhi,,,HR,2.0,2022.0
379,,Female,Ahmedabad,25000.0,14.0,HR,,2018.0
380,23.0,Other,Bangalore,25000.0,,Sales,,
381,52.0,Male,Delhi,145000.0,7.0,Sales,,2014.0
382,58.0,Female,Mumbai,80000.0,10.0,Sales,,2016.0
383,54.0,Other,Mumbai,,8.0,Finance,,2022.0
384,41.0,Male,Delhi,,14.0,Finance,,
385,46.0,Female,Ahmedabad,,0.0,nan,1.0,2022.0
386,,Male,Mumbai,30000.0,0.0,Sales,4.0,2016.0
387,,Other,Pune,55000.0,,IT,1.0,2019.0
388,48.0,nan,nan,130000.0,2.0,nan,4.0,2024.0
389,52.0,Other,Delhi,85000.0,9.0,IT,2.0,2015.0
390,50.0,Female,Delhi,,7.0,Finance,5.0,2014.0
391,,Female,Mumbai,,14.0,nan,,2011.0
392,38.0,Female,Ahmedabad,,9.0,nan,,2024.0
393,49.0,Male,Pune,,0.0,HR,,
394,40.0,Female,Ahmedabad,20000.0,,Finance,3.0,
395,50.0,Male,Bangalore,100000.0,1.0,Finance,,2018.0
396,20.0,Female,Bangalore,,,nan,3.0,
397,35.0,Male,nan,,12.0,Finance,,2016.0
398,42.0,Male,Mumbai,80000.0,,nan,4.0,2013.0
399,59.0,Male,Mumbai,120000.0,0.0,HR,,2012.0
400,48.0,Female,Mumbai,110000.0,1.0,nan,,
401,20.0,Male,nan,110000.0,,Finance,,2020.0
402,57.0,Female,Bangalore,140000.0,14.0,Finance,1.0,2010.0
403,,Male,Ahmedabad,125000.0,12.0,nan,,2015.0
404,41.0,Male,nan,,,nan,1.0,2020.0
405,,Female,nan,100000.0,,nan,1.0,2010.0
406,49.0,Female,Ahmedabad,130000.0,,Sales,,2016.0
407,,Male,Mumbai,,6.0,Finance,,2015.0
408,39.0,Female,Pune,65000.0,,Finance,3.0,2023.0
409,40.0,Female,Ahmedabad,65000.0,,Sales,,2011.0
410,19.0,Female,Bangalore,,6.0,nan,,2013.0
411,44.0,Male,Delhi,55000.0,12.0,HR,,2020.0
412,59.0,Male,Delhi,115000.0,4.0,nan,3.0,2024.0
413,19.0,Female,nan,,,nan,,
414,43.0,Male,Delhi,85000.0,2.0,Sales,4.0,2010.0
415,34.0,Female,Pune,,6.0,Finance,3.0,2012.0
416,57.0,Female,Mumbai,,,nan,,2012.0
417,50.0,Other,Bangalore,135000.0,6.0,Finance,,2016.0
418,26.0,Female,Pune,90000.0,,IT,2.0,2010.0
419,,nan,Bangalore,125000.0,0.0,Finance,1.0,2020.0
420,,Male,Bangalore,,,HR,2.0,2015.0
421,56.0,Female,Mumbai,35000.0,,HR,,
422,46.0,Male,nan,80000.0,10.0,nan,,2012.0
423,59.0,Female,Delhi,130000.0,,Finance,1.0,
424,43.0,Female,Mumbai,55000.0,2.0,nan,,2011.0
425,52.0,Female,Pune,105000.0,14.0,Sales,,
426,,nan,nan,75000.0,,HR,,2021.0
427,42.0,Female,Pune,,10.0,nan,,2019.0
428,41.0,Male,nan,85000.0,,Sales,,2014.0
429,30.0,Male,Pune,,,nan,3.0,2018.0
430,24.0,Female,Mumbai,105000.0,,Finance,,2011.0
431,53.0,Male,nan,,8.0,Finance,,2011.0
432,,Male,nan,70000.0,,Finance,3.0,2015.0
433,37.0,Male,Bangalore,,,Finance,,2019.0
434,18.0,Male,Bangalore,75000.0,0.0,IT,2.0,
435,25.0,Male,Ahmedabad,90000.0,,Sales,3.0,2021.0
436,,Male,Pune,,,Sales,2.0,2013.0
437,33.0,Male,Bangalore,,,Finance,1.0,
438,31.0,Male,Ahmedabad,145000.0,8.0,IT,4.0,2024.0
439,29.0,nan,Bangalore,105000.0,,Finance,5.0,2015.0
440,,Male,Pune,,11.0,IT,,
441,40.0,Male,nan,125000.0,,Finance,5.0,
442,32.0,Female,Delhi,,,HR,1.0,2012.0
443,45.0,Male,Pune,100000.0,8.0,HR,3.0,2019.0
444,51.0,Other,Mumbai,130000.0,6.0,nan,1.0,2014.0
445,19.0,Female,Bangalore,135000.0,13.0,Finance,5.0,2023.0
446,49.0,Male,Bangalore,55000.0,,Sales,5.0,2022.0
447,40.0,Male,nan,,,nan,,2015.0
448,39.0,Female,Mumbai,45000.0,1.0,HR,,2021.0
449,,Other,nan,40000.0,8.0,Finance,,2017.0
450,42.0,Female,Mumbai,,12.0,nan,1.0,2014.0
451,39.0,Female,Delhi,,14.0,Finance,4.0,2024.0
452,39.0,Male,Bangalore,,2.0,HR,,
453,,nan,Bangalore,70000.0,10.0,nan,1.0,2010.0
454,,Male,Delhi,20000.0,,HR,,
455,59.0,Other,Ahmedabad,,13.0,IT,,2014.0
456,23.0,Female,nan,110000.0,,HR,,2012.0
457,32.0,Female,Delhi,60000.0,7.0,Finance,5.0,
458,,Female,nan,,,Sales,,2024.0
459,54.0,Male,Pune,,,HR,2.0,2022.0
460,50.0,Male,Bangalore,,,Sales,4.0,
461,25.0,Male,nan,35000.0,1.0,IT,,2020.0
462,,Male,Mumbai,,7.0,nan,3.0,2011.0
463,,Female,nan,105000.0,,nan,2.0,2015.0
464,22.0,Male,Pune,90000.0,5.0,Sales,,2015.0
465,56.0,Male,Bangalore,80000.0,11.0,nan,2.0,2023.0
466,21.0,nan,Delhi,110000.0,14.0,HR,1.0,2020.0
467,23.0,Female,Pune,45000.0,,Sales,5.0,2017.0
468,,Other,Bangalore,75000.0,7.0,Finance,,2017.0
469,49.0,nan,nan,,3.0,HR,,2010.0
470,,Male,Ahmedabad,100000.0,14.0,HR,,2016.0
471,47.0,Male,Ahmedabad,130000.0,,HR,4.0,2015.0
472,,Female,Mumbai,145000.0,,Finance,1.0,2017.0
473,52.0,Female,Bangalore,,,IT,,
474,57.0,Male,Ahmedabad,,12.0,nan,5.0,
475,,Female,Delhi,,,Sales,,2017.0
476,33.0,Male,Bangalore,140000.0,1.0,IT,,2023.0
477,30.0,Male,Delhi,65000.0,12.0,Sales,3.0,
478,,Female,Delhi,130000.0,12.0,nan,2.0,
479,59.0,Female,Ahmedabad,120000.0,,Finance,,2018.0
480,47.0,Female,Bangalore,120000.0,14.0,HR,1.0,2024.0
481,36.0,Male,nan,,,HR,,2019.0
482,34.0,Female,Pune,80000.0,9.0,Finance,,
483,36.0,Male,Ahmedabad,,2.0,IT,,2013.0
484,45.0,Male,Ahmedabad,,,IT,,
485,43.0,Female,nan,135000.0,2.0,Sales,,2022.0
486,54.0,nan,Bangalore,,,Finance,1.0,2014.0
487,43.0,Female,Bangalore,70000.0,13.0,IT,4.0,2016.0
488,40.0,Female,Delhi,100000.0,7.0,Finance,,2018.0
489,26.0,Female,nan,35000.0,,nan,,2017.0
490,29.0,Female,nan,140000.0,3.0,HR,5.0,
491,18.0,Male,Bangalore,,,HR,2.0,2015.0
492,18.0,Male,Delhi,60000.0,10.0,HR,,
493,,Male,Ahmedabad,120000.0,10.0,Finance,,2015.0
494,51.0,Male,Mumbai,115000.0,10.0,Finance,1.0,2023.0
495,49.0,Female,Pune,110000.0,1.0,Sales,,2010.0
496,,Female,Ahmedabad,110000.0,,HR,,2018.0
497,42.0,Male,Bangalore,75000.0,8.0,Sales,,2022.0
498,57.0,Male,Pune,,1.0,HR,,
499,,Female,Mumbai,,,Sales,3.0,
500,18.0,Male,Mumbai,100000.0,14.0,Sales,3.0,2020.0
501,33.0,Female,Delhi,,,nan,,2017.0
502,56.0,Female,Pune,,,Sales,2.0,2014.0
503,22.0,Female,Delhi,,3.0,Finance,1.0,2019.0
504,39.0,Female,Ahmedabad,,7.0,Sales,,2016.0
505,46.0,Female,nan,,8.0,HR,,2019.0
506,20.0,Male,nan,105000.0,4.0,Sales,,2013.0
507,29.0,Female,nan,85000.0,,IT,,2018.0
508,43.0,Female,Pune,,12.0,HR,3.0,2023.0
509,33.0,Male,nan,,6.0,IT,,2011.0
510,,Female,Ahmedabad,,,HR,2.0,2018.0
511,54.0,Female,Delhi,50000.0,,Finance,,2010.0
512,39.0,Female,Pune,,2.0,Finance,,2019.0
513,46.0,Female,Delhi,80000.0,4.0,Finance,1.0,2019.0
514,31.0,Female,Pune,105000.0,,IT,4.0,
515,45.0,Female,Delhi,,11.0,nan,,2012.0
516,22.0,Female,Mumbai,80000.0,6.0,HR,,2015.0
517,,Female,Delhi,,8.0,Finance,,2015.0
518,,Female,nan,,5.0,HR,,2011.0
519,47.0,Female,Mumbai,25000.0,,IT,,
520,,Female,Delhi,95000.0,,nan,2.0,2011.0
521,,Male,Pune,60000.0,,IT,4.0,2021.0
522,22.0,Female,Pune,60000.0,2.0,HR,5.0,2014.0
523,29.0,Female,Pune,,,nan,1.0,
524,33.0,Male,Bangalore,70000.0,3.0,nan,1.0,2016.0
525,43.0,Female,Ahmedabad,125000.0,9.0,IT,,
526,43.0,Male,Pune,,4.0,Finance,3.0,
527,,Male,Mumbai,,,HR,,2010.0
528,38.0,Female,Pune,,,Sales,3.0,2010.0
529,56.0,Male,Bangalore,130000.0,9.0,Sales,,
530,53.0,Female,nan,,11.0,IT,,2010.0
531,50.0,Female,Mumbai,,9.0,HR,1.0,
532,47.0,Female,Bangalore,,12.0,HR,2.0,2022.0
533,54.0,Male,nan,60000.0,10.0,IT,,2018.0
534,40.0,Male,Mumbai,135000.0,,HR,2.0,2024.0
535,27.0,Female,Delhi,55000.0,,Finance,4.0,2012.0
536,22.0,nan,Ahmedabad,50000.0,7.0,IT,2.0,2023.0
537,53.0,Female,Ahmedabad,,7.0,Finance,,2020.0
538,51.0,Male,Bangalore,105000.0,,HR,,2021.0
539,,Female,nan,30000.0,7.0,IT,,2022.0
540,48.0,Female,Ahmedabad,,12.0,HR,,2022.0
541,27.0,Female,nan,45000.0,1.0,IT,,2010.0
542,36.0,Male,nan,,11.0,HR,1.0,2019.0
543,49.0,Female,Bangalore,,9.0,Finance,,2012.0
544,18.0,Female,Bangalore,120000.0,11.0,Finance,,2013.0
545,22.0,nan,Bangalore,,10.0,HR,5.0,
546,,Male,Ahmedabad,,14.0,IT,5.0,2017.0
547,21.0,Female,Bangalore,20000.0,,Sales,,
548,33.0,Other,Ahmedabad,,,Finance,,
549,41.0,Male,Bangalore,120000.0,1.0,Finance,,
550,33.0,Other,Pune,,,Sales,,2024.0
551,19.0,Female,nan,,11.0,HR,,
552,,Male,Bangalore,80000.0,,IT,1.0,2024.0
553,45.0,Male,Mumbai,65000.0,,HR,1.0,2011.0
554,49.0,Female,nan,,,nan,,2020.0
555,44.0,Male,nan,65000.0,,Finance,5.0,2010.0
556,37.0,Female,Bangalore,,5.0,nan,,2024.0
557,41.0,Male,Delhi,80000.0,,Finance,2.0,
558,29.0,Female,Bangalore,,14.0,Finance,,2013.0
559,,Male,nan,,2.0,nan,,2020.0
560,52.0,Female,Mumbai,135000.0,5.0,nan,,2014.0
561,50.0,nan,nan,25000.0,2.0,HR,4.0,2012.0
562,50.0,nan,Mumbai,125000.0,0.0,nan,1.0,2022.0
563,,Female,Ahmedabad,100000.0,12.0,HR,1.0,2019.0
564,,Male,Pune,,,HR,5.0,2020.0
565,54.0,Female,nan,85000.0,13.0,HR,2.0,
566,29.0,Male,Bangalore,65000.0,12.0,Finance,,2011.0
567,20.0,Male,Ahmedabad,,3.0,Finance,,2016.0
568,18.0,Male,Pune,140000.0,6.0,nan,5.0,2018.0
569,50.0,Female,Bangalore,30000.0,,Finance,5.0,2019.0
570,57.0,Female,Delhi,,9.0,nan,2.0,
571,27.0,Female,Bangalore,100000.0,6.0,Finance,,2016.0
572,,Male,Mumbai,75000.0,,IT,,2016.0
573,,Male,Mumbai,135000.0,14.0,IT,,2012.0
574,46.0,nan,Delhi,,14.0,nan,1.0,2021.0
575,30.0,Male,Ahmedabad,,3.0,Finance,2.0,2016.0
576,29.0,Female,Pune,140000.0,,Finance,,
577,48.0,Male,Bangalore,,,HR,4.0,2010.0
578,,Female,Mumbai,145000.0,5.0,Sales,5.0,2014.0
579,19.0,Female,Ahmedabad,,,nan,2.0,
580,,Male,Delhi,20000.0,,Sales,1.0,2024.0
581,,Male,nan,115000.0,4.0,Sales,,2011.0
582,52.0,Female,Mumbai,,,nan,1.0,2018.0
583,40.0,Female,Delhi,95000.0,11.0,Finance,4.0,2016.0
584,34.0,Male,Bangalore,100000.0,0.0,nan,2.0,2013.0
585,43.0,nan,Pune,,7.0,Sales,4.0,
586,25.0,Male,Mumbai,,0.0,Finance,,
587,46.0,Male,Mumbai,75000.0,4.0,IT,,2013.0
588,43.0,Other,Bangalore,,,nan,,2022.0
589,27.0,Male,nan,,5.0,nan,5.0,2010.0
590,43.0,Female,Ahmedabad,,,Finance,,2012.0
591,51.0,Male,Pune,,2.0,IT,3.0,
592,,Male,Mumbai,,14.0,IT,,2013.0
593,58.0,nan,Pune,,4.0,Finance,4.0,
594,24.0,Male,Mumbai,45000.0,,HR,,
595,21.0,Female,Pune,50000.0,13.0,nan,,2010.0
596,,Male,Delhi,,,nan,,2014.0
597,,Male,Mumbai,,,Sales,,
598,28.0,Male,Pune,140000.0,5.0,Finance,1.0,2020.0
599,46.0,Female,Ahmedabad,,,Sales,2.0,2022.0
600,53.0,Male,Delhi,50000.0,,Sales,5.0,
601,42.0,Female,Delhi,75000.0,13.0,IT,3.0,2014.0
602,38.0,Female,Ahmedabad,95000.0,,nan,2.0,2013.0
603,53.0,nan,Pune,95000.0,7.0,Sales,1.0,2013.0
604,27.0,Male,Bangalore,,6.0,IT,,2013.0
605,54.0,Female,Ahmedabad,,7.0,Finance,3.0,2013.0
606,26.0,Female,Pune,80000.0,12.0,Sales,1.0,
607,41.0,Female,Ahmedabad,50000.0,5.0,nan,1.0,
608,52.0,Female,Ahmedabad,,,Sales,1.0,
609,,Female,Mumbai,60000.0,1.0,Finance,,
610,52.0,Female,Pune,,7.0,Sales,3.0,2018.0
611,,Male,Bangalore,70000.0,10.0,nan,1.0,
612,53.0,Male,Mumbai,55000.0,0.0,IT,,2011.0
613,35.0,Other,Ahmedabad,,,nan,,2013.0
614,,Female,nan,130000.0,5.0,IT,3.0,2021.0
615,56.0,Female,Ahmedabad,140000.0,,HR,,2016.0
616,49.0,Female,Ahmedabad,55000.0,,nan,4.0,2024.0
617,41.0,Male,Pune,,11.0,nan,4.0,2016.0
618,40.0,Male,Pune,125000.0,10.0,Finance,5.0,
619,49.0,Female,Mumbai,35000.0,9.0,Sales,,
620,54.0,Male,Bangalore,,2.0,IT,,
621,29.0,Male,Mumbai,30000.0,12.0,IT,4.0,2018.0
622,,Female,Delhi,,2.0,Finance,,2023.0
623,30.0,Male,Ahmedabad,,14.0,Finance,,
624,40.0,Female,nan,,,Sales,1.0,2014.0
625,42.0,Male,Ahmedabad,,12.0,Sales,1.0,2011.0
626,52.0,Female,Ahmedabad,,,nan,,
627,58.0,Male,Mumbai,,2.0,HR,,
628,47.0,Female,nan,80000.0,,Sales,,2023.0
629,34.0,Male,nan,90000.0,10.0,Finance,,2023.0
630,,Male,nan,130000.0,,Sales,,2010.0
631,37.0,Male,Mumbai,,,IT,,2012.0
632,,Female,Ahmedabad,145000.0,,HR,,2016.0
633,42.0,Female,Mumbai,35000.0,10.0,nan,4.0,2024.0
634,39.0,Male,Pune,145000.0,,IT,,
635,30.0,Female,Pune,,,IT,,
636,36.0,Female,Mumbai,60000.0,2.0,HR,,2011.0
637,,Female,nan,40000.0,,nan,,
638,53.0,Male,Ahmedabad,,5.0,Finance,,2018.0
639,29.0,Female,Mumbai,115000.0,13.0,nan,1.0,
640,58.0,Male,Mumbai,70000.0,,Sales,,2014.0
641,36.0,Male,Mumbai,90000.0,,IT,,
642,29.0,nan,Delhi,,,Sales,4.0,
643,26.0,Male,Pune,,3.0,Finance,3.0,2013.0
644,24.0,Female,nan,125000.0,,Sales,4.0,2021.0
645,45.0,Female,Bangalore,,14.0,nan,4.0,2016.0
646,31.0,Female,nan,100000.0,10.0,Sales,,2023.0
647,48.0,Female,Bangalore,145000.0,2.0,Finance,2.0,2021.0
648,,Male,Delhi,,2.0,Finance,1.0,2012.0
649,36.0,Male,Mumbai,50000.0,,Finance,,2014.0
650,,Female,Delhi,,4.0,nan,1.0,
651,33.0,Male,Delhi,145000.0,,Finance,,2019.0
652,22.0,Male,Ahmedabad,140000.0,9.0,IT,2.0,2019.0
653,52.0,Male,Pune,65000.0,,Finance,,2020.0
654,29.0,Male,Bangalore,,,Sales,5.0,
655,42.0,Male,Mumbai,110000.0,3.0,Sales,4.0,2014.0
656,,Male,Bangalore,70000.0,,Sales,,2022.0
657,38.0,Female,nan,80000.0,10.0,nan,2.0,2019.0
658,53.0,Female,Bangalore,55000.0,1.0,Sales,,2018.0
659,40.0,Female,nan,,9.0,nan,,
660,33.0,Male,Pune,35000.0,10.0,nan,,2010.0
661,56.0,Male,nan,,,Finance,,2013.0
662,,Male,Bangalore,,,IT,1.0,2013.0
663,59.0,Female,Bangalore,70000.0,,Finance,2.0,
664,56.0,Female,nan,,,Finance,4.0,2018.0
665,31.0,Male,Delhi,20000.0,,nan,4.0,
666,48.0,Other,Pune,,,nan,3.0,2023.0
667,22.0,Male,Ahmedabad,135000.0,10.0,Sales,,2024.0
668,52.0,Female,Mumbai,,13.0,Sales,,2015.0
669,40.0,Female,Bangalore,,1.0,Finance,2.0,2019.0
670,46.0,Female,Mumbai,,,HR,4.0,2024.0
671,,Female,Ahmedabad,145000.0,4.0,HR,3.0,2013.0
672,28.0,Female,Mumbai,40000.0,4.0,Sales,2.0,
673,35.0,Male,Ahmedabad,115000.0,,HR,,
674,,Female,nan,,,Sales,4.0,
675,29.0,Male,Delhi,70000.0,11.0,nan,,2021.0
676,26.0,Female,Bangalore,,,Finance,2.0,2016.0
677,27.0,Female,Ahmedabad,,3.0,IT,4.0,
678,,Female,Mumbai,,,Finance,,2020.0
679,34.0,Female,Bangalore,,,Sales,5.0,2023.0
680,55.0,Female,Delhi,90000.0,9.0,Sales,3.0,2012.0
681,24.0,Female,nan,,,Finance,,
682,,Female,Bangalore,120000.0,5.0,Sales,,
683,30.0,Male,Ahmedabad,,,HR,3.0,2019.0
684,57.0,Male,Delhi,40000.0,13.0,HR,,2015.0
685,59.0,Male,Mumbai,45000.0,10.0,Sales,4.0,2022.0
686,26.0,Male,Delhi,,10.0,Sales,5.0,2019.0
687,,Female,Delhi,125000.0,,HR,5.0,
688,44.0,Male,Pune,105000.0,,Sales,,
689,19.0,nan,Delhi,85000.0,,Sales,5.0,
690,22.0,Male,Delhi,65000.0,,Finance,3.0,2015.0
691,46.0,Male,Bangalore,,,IT,,2022.0
692,54.0,Female,Mumbai,80000.0,,HR,5.0,2013.0
693,55.0,Female,Bangalore,,10.0,Finance,,2023.0
694,36.0,Female,Bangalore,,,IT,5.0,2010.0
695,25.0,Female,Ahmedabad,30000.0,11.0,Sales,5.0,
696,,Female,Bangalore,,4.0,Sales,,2014.0
697,,Male,Pune,45000.0,,Finance,3.0,2017.0
698,18.0,nan,Pune,,8.0,Sales,,2021.0
699,39.0,nan,Ahmedabad,55000.0,,nan,1.0,2011.0
700,,Female,nan,,8.0,Finance,,2021.0
701,34.0,Male,Mumbai,,,IT,5.0,2014.0
702,24.0,Female,Mumbai,,9.0,Finance,,2014.0
703,42.0,Male,Bangalore,,,HR,5.0,2022.0
704,,Male,Bangalore,,,Finance,,2018.0
705,21.0,Male,nan,100000.0,0.0,Sales,,2019.0
706,53.0,Female,Bangalore,70000.0,6.0,Sales,,2010.0
707,23.0,Female,Mumbai,80000.0,3.0,nan,,2012.0
708,48.0,Female,Delhi,70000.0,0.0,nan,,
709,36.0,Female,Pune,,14.0,nan,3.0,2021.0
710,,Male,Delhi,,7.0,IT,,2012.0
711,56.0,Male,Delhi,,11.0,nan,,2018.0
712,44.0,Male,Mumbai,45000.0,,IT,,2011.0
713,27.0,nan,Delhi,,,nan,,2012.0
714,43.0,Male,nan,95000.0,,IT,,2023.0
715,36.0,Female,Ahmedabad,35000.0,14.0,Finance,2.0,2013.0
716,56.0,Female,Bangalore,,,Finance,,
717,20.0,Male,Ahmedabad,145000.0,13.0,Sales,,2022.0
718,,Female,Pune,75000.0,13.0,IT,,2016.0
719,30.0,Female,Bangalore,70000.0,,HR,1.0,2021.0
720,,Female,Delhi,,,Sales,1.0,2012.0
721,45.0,Other,Pune,140000.0,,Finance,3.0,2018.0
722,37.0,Male,Bangalore,105000.0,,IT,3.0,2011.0
723,45.0,Male,nan,110000.0,0.0,nan,1.0,2018.0
724,25.0,Female,nan,130000.0,,HR,,2021.0
725,58.0,Other,nan,,10.0,Finance,4.0,2021.0
726,56.0,Male,nan,105000.0,14.0,Sales,,2024.0
727,18.0,Female,Delhi,145000.0,11.0,IT,2.0,2011.0
728,20.0,Female,Ahmedabad,45000.0,7.0,HR,,
729,30.0,Female,Bangalore,35000.0,,IT,5.0,2022.0
730,45.0,Male,Delhi,,,nan,,2023.0
731,,Female,nan,,5.0,Sales,,2014.0
732,42.0,Other,Ahmedabad,,2.0,IT,4.0,2019.0
733,50.0,Male,Pune,100000.0,,Finance,2.0,2021.0
734,55.0,Male,Pune,,12.0,Sales,5.0,2019.0
735,23.0,nan,Pune,,12.0,Finance,3.0,2020.0
736,,Male,nan,95000.0,1.0,IT,2.0,2011.0
737,,Female,Pune,25000.0,4.0,Sales,1.0,2014.0
738,49.0,Female,Mumbai,,,Finance,,2016.0
739,,Male,Bangalore,55000.0,5.0,nan,2.0,2015.0
740,,Female,Bangalore,80000.0,1.0,nan,,2012.0
741,38.0,Male,nan,,3.0,IT,,2022.0
742,33.0,Female,Mumbai,55000.0,,Sales,3.0,2012.0
743,38.0,Male,Delhi,,10.0,HR,,2015.0
744,28.0,Female,Delhi,,7.0,Sales,,2020.0
745,54.0,Male,Pune,,11.0,nan,2.0,
746,53.0,Male,Ahmedabad,,7.0,Finance,,2019.0
747,52.0,nan,Delhi,20000.0,10.0,HR,,2021.0
748,36.0,Male,Ahmedabad,,,IT,5.0,
749,37.0,Female,Bangalore,,,HR,4.0,2013.0
750,35.0,Male,Ahmedabad,100000.0,7.0,IT,,2011.0
751,,Female,Bangalore,115000.0,7.0,HR,5.0,2020.0
752,58.0,Male,Mumbai,135000.0,,IT,4.0,2016.0
753,,nan,Mumbai,125000.0,,IT,,2011.0
754,31.0,Female,nan,,,HR,4.0,
755,32.0,Male,nan,125000.0,,HR,,2013.0
756,48.0,Male,Pune,,,IT,,2017.0
757,18.0,Male,Delhi,60000.0,13.0,nan,2.0,
758,20.0,Female,Pune,,10.0,HR,5.0,2023.0
759,33.0,Male,Bangalore,65000.0,6.0,Sales,,2021.0
760,40.0,Female,Pune,,,Finance,5.0,
761,28.0,Male,Ahmedabad,,12.0,IT,2.0,2020.0
762,29.0,Male,Bangalore,,14.0,IT,,2017.0
763,27.0,Female,nan,,,Finance,4.0,2011.0
764,49.0,Female,Mumbai,,,nan,,2024.0
765,33.0,Male,nan,,,Finance,,2018.0
766,25.0,Male,Delhi,120000.0,,HR,,
767,55.0,Male,Bangalore,135000.0,,Finance,,
768,29.0,Female,Bangalore,,8.0,IT,1.0,2017.0
769,41.0,Female,Ahmedabad,,2.0,Finance,,
770,45.0,Female,Delhi,25000.0,,Sales,,2014.0
771,25.0,Female,Mumbai,55000.0,,HR,,2020.0
772,45.0,Female,Bangalore,,4.0,Finance,,2024.0
773,53.0,Female,Bangalore,125000.0,9.0,IT,,2017.0
774,43.0,Female,Ahmedabad,,,HR,,
775,25.0,Male,Pune,,14.0,IT,,2017.0
776,,Male,Mumbai,,,nan,,
777,45.0,Male,nan,30000.0,,Sales,,
778,45.0,Male,Delhi,,7.0,nan,1.0,2019.0
779,54.0,Female,Bangalore,80000.0,14.0,Sales,3.0,2016.0
780,58.0,Other,Bangalore,,,Finance,2.0,2018.0
781,53.0,Male,nan,65000.0,13.0,HR,,2010.0
782,44.0,Male,Mumbai,,,Finance,,
783,34.0,Female,Pune,60000.0,6.0,Sales,3.0,2014.0
784,26.0,Other,Bangalore,,,Sales,,
785,50.0,Male,Mumbai,,,Sales,,2010.0
786,37.0,Female,nan,20000.0,11.0,IT,,2024.0
787,30.0,Male,Ahmedabad,,,HR,5.0,
788,45.0,Male,Pune,140000.0,,Finance,,2016.0
789,,nan,Delhi,,9.0,Finance,,2021.0
790,46.0,nan,Bangalore,50000.0,,nan,5.0,2017.0
791,30.0,Male,Mumbai,30000.0,13.0,Sales,,2014.0
792,,nan,Ahmedabad,115000.0,10.0,Sales,,2019.0
793,52.0,Female,Delhi,115000.0,1.0,Sales,,2014.0
794,23.0,Female,Mumbai,,,Finance,1.0,
795,35.0,Female,Mumbai,,6.0,nan,2.0,2014.0
796,,Female,Delhi,,11.0,IT,,2024.0
797,22.0,Female,Ahmedabad,,1.0,HR,,2022.0
798,,Female,nan,,,IT,4.0,2010.0
799,42.0,Male,Ahmedabad,145000.0,,Finance,,2020.0
800,19.0,Male,Pune,85000.0,5.0,Sales,,2010.0
801,27.0,Male,Bangalore,100000.0,,HR,,2020.0
802,47.0,Female,Delhi,105000.0,9.0,Finance,4.0,
803,,Male,nan,,,Finance,,
804,,Female,Delhi,,14.0,Finance,,
805,22.0,nan,Delhi,115000.0,4.0,HR,,2022.0
806,50.0,Male,Ahmedabad,,,HR,,2016.0
807,18.0,Female,Bangalore,105000.0,2.0,nan,,2010.0
808,35.0,Male,Pune,35000.0,4.0,nan,2.0,
809,49.0,Female,Mumbai,20000.0,,IT,,2010.0
810,,Male,Mumbai,20000.0,7.0,HR,4.0,
811,,Female,Delhi,145000.0,7.0,HR,,2015.0
812,28.0,Female,Bangalore,,7.0,HR,,2011.0
813,38.0,Other,nan,115000.0,11.0,nan,,
814,43.0,Female,Ahmedabad,130000.0,,Finance,,2015.0
815,42.0,Female,Bangalore,65000.0,,Sales,1.0,2023.0
816,39.0,Female,Bangalore,70000.0,7.0,nan,5.0,
817,44.0,Female,Ahmedabad,,10.0,HR,2.0,2015.0
818,,Female,Delhi,,13.0,nan,2.0,2019.0
819,30.0,Male,Bangalore,40000.0,7.0,IT,1.0,
820,50.0,Other,Mumbai,20000.0,,HR,5.0,2018.0
821,51.0,Female,Ahmedabad,100000.0,9.0,IT,2.0,2017.0
822,58.0,Female,nan,125000.0,6.0,HR,4.0,2019.0
823,52.0,Male,Pune,,,nan,3.0,
824,18.0,Female,Delhi,,3.0,Finance,3.0,2015.0
825,38.0,Male,Ahmedabad,,12.0,Sales,2.0,2023.0
826,,Female,Pune,,3.0,IT,,2015.0
827,23.0,Male,Pune,35000.0,4.0,nan,2.0,2016.0
828,45.0,Female,nan,40000.0,,Finance,,2021.0
829,34.0,nan,Bangalore,70000.0,3.0,nan,,2012.0
830,22.0,Male,nan,120000.0,,IT,5.0,2023.0
831,48.0,nan,Bangalore,,5.0,Sales,,
832,22.0,Male,Bangalore,75000.0,,nan,,
833,55.0,Female,Ahmedabad,145000.0,,HR,4.0,2016.0
834,20.0,Female,Ahmedabad,110000.0,,Finance,1.0,2017.0
835,40.0,Female,Delhi,,,nan,2.0,
836,54.0,Female,Bangalore,50000.0,1.0,Finance,,2022.0
837,54.0,Female,Pune,50000.0,,HR,,2018.0
838,27.0,Male,Mumbai,145000.0,10.0,Sales,4.0,2019.0
839,27.0,Male,Delhi,,13.0,Sales,1.0,2018.0
840,36.0,Female,Ahmedabad,40000.0,4.0,HR,,2024.0
841,34.0,Female,nan,120000.0,5.0,Finance,,
842,38.0,Female,Delhi,85000.0,9.0,nan,4.0,2011.0
843,31.0,Female,Delhi,35000.0,7.0,HR,,2022.0
844,26.0,Male,Delhi,130000.0,13.0,IT,3.0,2011.0
845,,Female,Delhi,,,Finance,2.0,
846,18.0,Male,Mumbai,115000.0,2.0,Sales,5.0,2011.0
847,,Female,nan,90000.0,11.0,HR,3.0,2012.0
848,,Male,nan,,,Sales,,2015.0
849,30.0,Male,nan,,,Finance,,2012.0
850,21.0,Male,Bangalore,55000.0,,Sales,,2019.0
851,18.0,Male,Pune,,0.0,HR,1.0,2015.0
852,,Female,nan,110000.0,,Finance,,
853,57.0,Male,Delhi,,9.0,IT,2.0,
854,49.0,Male,Delhi,,,HR,5.0,
855,51.0,Male,nan,,,nan,,2012.0
856,45.0,Male,nan,,9.0,HR,,
857,48.0,Male,Delhi,,,Finance,2.0,2016.0
858,25.0,Male,Bangalore,35000.0,,HR,,2018.0
859,56.0,Female,Ahmedabad,90000.0,1.0,IT,5.0,
860,43.0,Female,Ahmedabad,,8.0,IT,,2021.0
861,51.0,Female,nan,,,nan,,2014.0
862,20.0,Female,Mumbai,20000.0,12.0,Sales,3.0,2012.0
863,,Male,nan,30000.0,,Finance,3.0,2020.0
864,29.0,Female,nan,135000.0,,Finance,,2013.0
865,18.0,Female,Ahmedabad,,,Sales,,2014.0
866,,Female,Delhi,,,IT,,2010.0
867,22.0,Male,nan,,11.0,IT,,
868,47.0,Male,Delhi,,7.0,HR,2.0,2021.0
869,47.0,Male,Delhi,,,nan,2.0,2022.0
870,34.0,Male,Mumbai,135000.0,14.0,nan,5.0,2018.0
871,,Female,Delhi,135000.0,9.0,nan,,2011.0
872,,Female,Ahmedabad,,14.0,HR,2.0,2014.0
873,40.0,Female,Bangalore,35000.0,14.0,nan,5.0,2022.0
874,32.0,Female,Bangalore,30000.0,,Sales,,
875,54.0,Female,Pune,,6.0,HR,,
876,38.0,Female,nan,130000.0,12.0,Sales,,2012.0
877,31.0,nan,Ahmedabad,130000.0,,HR,,2013.0
878,19.0,Male,Delhi,,8.0,nan,,2020.0
879,28.0,Male,Bangalore,40000.0,7.0,Sales,,2023.0
880,,Male,Ahmedabad,,,Sales,,2012.0
881,56.0,Female,Bangalore,,,Sales,5.0,
882,55.0,Female,Delhi,45000.0,,HR,5.0,2024.0
883,51.0,Male,Bangalore,,12.0,Finance,,2019.0
884,55.0,Other,nan,65000.0,,nan,4.0,2018.0
885,,Male,nan,,8.0,Sales,,2020.0
886,51.0,Other,Pune,50000.0,11.0,Finance,5.0,
887,35.0,Male,Pune,,11.0,nan,2.0,2019.0
888,47.0,Male,Bangalore,,5.0,nan,,
889,32.0,Female,Ahmedabad,120000.0,,Sales,,
890,44.0,Male,nan,115000.0,6.0,Sales,,2011.0
891,,Male,Ahmedabad,30000.0,,HR,,2011.0
892,51.0,Male,Ahmedabad,125000.0,2.0,Finance,3.0,2015.0
893,,Female,Bangalore,35000.0,,Finance,4.0,
894,55.0,Female,Ahmedabad,,,Sales,5.0,2017.0
895,50.0,Male,nan,75000.0,,nan,,2012.0
896,41.0,Female,Delhi,,,Sales,1.0,2023.0
897,32.0,Female,Pune,,6.0,nan,4.0,
898,47.0,Male,Delhi,,3.0,nan,,2010.0
899,59.0,Male,Ahmedabad,40000.0,,Sales,5.0,2012.0
900,,Male,Delhi,80000.0,7.0,IT,,
901,34.0,Male,nan,130000.0,12.0,Finance,5.0,2018.0
902,22.0,Female,nan,,12.0,nan,1.0,2015.0
903,46.0,Male,Ahmedabad,,,nan,,2010.0
904,21.0,Female,Bangalore,140000.0,,IT,,2019.0
905,27.0,Female,Delhi,,4.0,HR,,2015.0
906,34.0,Male,Bangalore,85000.0,5.0,IT,4.0,2021.0
907,27.0,Female,Bangalore,,,IT,,2013.0
908,34.0,Male,Mumbai,,12.0,nan,5.0,2022.0
909,37.0,nan,Ahmedabad,95000.0,,Finance,,
910,41.0,Female,Pune,125000.0,13.0,IT,,2017.0
911,22.0,Female,nan,120000.0,,HR,,
912,51.0,Female,nan,120000.0,3.0,Sales,5.0,2012.0
913,23.0,Male,Ahmedabad,55000.0,6.0,IT,1.0,2021.0
914,19.0,Female,Pune,95000.0,7.0,IT,,2016.0
915,30.0,nan,nan,,,HR,5.0,2021.0
916,,Female,Ahmedabad,,12.0,Finance,,2011.0
917,,Female,nan,65000.0,5.0,IT,4.0,2023.0
918,,Female,Bangalore,,5.0,IT,,2014.0
919,28.0,Male,Delhi,,,Finance,,2018.0
920,,Male,Delhi,60000.0,,HR,3.0,2020.0
921,,Female,nan,100000.0,2.0,IT,5.0,2014.0
922,40.0,Male,Mumbai,70000.0,2.0,Finance,2.0,2012.0
923,33.0,Female,Pune,,12.0,IT,2.0,
924,48.0,Other,Pune,65000.0,,Sales,,2011.0
925,28.0,Male,Pune,125000.0,1.0,nan,,2010.0
926,33.0,Male,Bangalore,100000.0,,Sales,,2016.0
927,25.0,Female,Pune,35000.0,,IT,,2023.0
928,21.0,Male,Delhi,140000.0,5.0,HR,,2014.0
929,57.0,Female,Bangalore,120000.0,7.0,nan,4.0,
930,21.0,Male,Ahmedabad,,,Sales,5.0,2020.0
931,42.0,Female,Pune,,7.0,Finance,1.0,2011.0
932,20.0,Male,Pune,20000.0,,HR,,2017.0
933,49.0,Female,Ahmedabad,140000.0,5.0,Sales,,2018.0
934,20.0,Female,Pune,,13.0,Finance,,2012.0
935,44.0,Female,Ahmedabad,100000.0,2.0,IT,,2011.0
936,46.0,Male,Bangalore,,9.0,Finance,5.0,2016.0
937,49.0,Female,Delhi,135000.0,2.0,Sales,3.0,2014.0
938,,Female,Ahmedabad,25000.0,11.0,Sales,,2014.0
939,,Male,Mumbai,,,IT,,
940,36.0,Male,Ahmedabad,90000.0,4.0,Finance,,2022.0
941,38.0,Male,Pune,,,Finance,5.0,
942,22.0,Female,Bangalore,,,IT,3.0,2015.0
943,35.0,Female,nan,45000.0,8.0,Finance,,
944,45.0,Female,Bangalore,20000.0,,IT,3.0,
945,59.0,Male,nan,130000.0,,HR,,2011.0
946,39.0,Male,Ahmedabad,,6.0,Sales,,2015.0
947,38.0,Female,Delhi,100000.0,,HR,4.0,2018.0
948,23.0,Female,Mumbai,,3.0,nan,2.0,2012.0
949,18.0,nan,Bangalore,,12.0,nan,,2010.0
950,22.0,Male,Pune,,12.0,nan,4.0,2010.0
951,58.0,Female,nan,60000.0,9.0,IT,,
952,29.0,Male,Pune,80000.0,,Finance,,2014.0
953,43.0,Male,Delhi,45000.0,,HR,2.0,2022.0
954,,Female,nan,45000.0,,HR,4.0,
955,51.0,Female,Bangalore,115000.0,,HR,5.0,2021.0
956,,nan,Ahmedabad,30000.0,12.0,HR,3.0,
957,31.0,Male,Pune,100000.0,,nan,,
958,43.0,Male,Delhi,75000.0,,HR,5.0,2012.0
959,,Female,Bangalore,,3.0,Finance,2.0,2021.0
960,44.0,Female,Bangalore,20000.0,0.0,nan,3.0,2014.0
961,26.0,Male,Bangalore,100000.0,0.0,HR,,2011.0
962,43.0,Male,Bangalore,30000.0,14.0,IT,,2016.0
963,,Male,nan,145000.0,12.0,Sales,2.0,2022.0
964,39.0,Female,Bangalore,90000.0,,Sales,,2024.0
965,,Male,Pune,,,Sales,4.0,2012.0
966,47.0,Male,Delhi,,7.0,nan,,
967,,Male,nan,,,HR,2.0,2014.0
968,,Male,Bangalore,35000.0,12.0,nan,,2017.0
969,34.0,Male,Mumbai,105000.0,,Finance,4.0,2010.0
970,43.0,Female,Mumbai,110000.0,13.0,IT,5.0,2017.0
971,53.0,Male,Delhi,,7.0,IT,2.0,
972,18.0,Female,Ahmedabad,,7.0,Sales,,
973,25.0,Male,Ahmedabad,,14.0,Sales,1.0,
974,,Female,nan,85000.0,12.0,Sales,,
975,52.0,Female,nan,,6.0,HR,,
976,,Female,nan,85000.0,4.0,Finance,1.0,2021.0
977,32.0,Female,Ahmedabad,,,Finance,,2022.0
978,,Male,Mumbai,35000.0,,Finance,3.0,2022.0
979,39.0,Male,Ahmedabad,135000.0,,Finance,,2019.0
980,31.0,Female,Pune,,,Sales,,2016.0
981,43.0,nan,Bangalore,110000.0,1.0,IT,,2023.0
982,45.0,Female,nan,45000.0,,Sales,,
983,40.0,Female,Mumbai,,,Finance,1.0,2024.0
984,31.0,Female,Delhi,,,Sales,,2021.0
985,41.0,Female,Delhi,110000.0,6.0,Finance,,2018.0
986,19.0,Male,Bangalore,20000.0,12.0,nan,,2017.0
987,,Female,Mumbai,40000.0,,IT,4.0,
988,43.0,nan,Ahmedabad,,13.0,nan,1.0,
989,31.0,Male,Ahmedabad,95000.0,,HR,,2022.0
990,,Female,Pune,45000.0,12.0,Sales,4.0,
991,24.0,Male,Pune,,10.0,HR,,2024.0
992,20.0,Female,Ahmedabad,80000.0,,Sales,,2013.0
993,,Male,Delhi,,,nan,2.0,
994,40.0,Female,nan,110000.0,,Finance,1.0,2014.0
995,,Female,Delhi,75000.0,,Finance,,
996,,Male,Pune,95000.0,,Sales,,2018.0
997,,Female,Bangalore,,7.0,Finance,,2019.0
998,,Female,Ahmedabad,65000.0,,nan,,
999,35.0,Other,Pune,140000.0,,Finance,3.0,
1000,55.0,Male,Pune,115000.0,14.0,nan,2.0,
