,id,age,salary,experience_years,department,city,performance_score,bonus,working_hours,satisfaction_level,salary_bonus,city_deparment,salary_category
0,1,56.0,125186.0,2.0,Finance,Bangalore,2.69,18771.0,56,0.69,12518.6,Bangalore-Finance,High
1,2,69.0,54674.0,39.0,HR,Delhi,1.34,,51,0.28,5467.4,Delhi-HR,Medium
2,3,46.0,55854.0,33.0,Sales,Pune,3.43,42330.0,45,0.69,5585.4,Pune-Sales,Medium
3,4,32.0,66271.0,39.0,HR,Mumbai,4.52,29320.0,30,0.31,6627.1,Mumbai-HR,Medium
4,5,60.0,93688.0,26.0,Marketing,Delhi,4.53,4340.0,41,0.76,9368.8,Delhi-Marketing,Medium
5,6,25.0,,,Marketing,Ahmedabad,3.64,34924.0,53,0.62,,Ahmedabad-Marketing,
6,7,38.0,131076.0,32.0,Marketing,Mumbai,1.84,16184.0,31,0.08,13107.6,Mumbai-Marketing,High
7,8,56.0,30267.0,5.0,HR,Pune,4.45,40734.0,50,0.51,3026.7,Pune-HR,Low
8,9,36.0,110825.0,23.0,Finance,Pune,4.54,2580.0,54,0.34,11082.5,Pune-Finance,High
9,10,40.0,21062.0,18.0,Finance,Ahmedabad,1.79,40025.0,37,0.33,2106.2,Ahmedabad-Finance,Low
10,11,28.0,136664.0,15.0,IT,Ahmedabad,3.95,28967.0,47,0.6,13666.4,Ahmedabad-IT,High
11,12,,70448.0,39.0,Marketing,Mumbai,2.15,2159.0,54,0.32,7044.8,Mumbai-Marketing,Medium
12,13,41.0,115462.0,27.0,Finance,Bangalore,4.21,48940.0,45,0.78,11546.2,Bangalore-Finance,High
13,14,53.0,,32.0,IT,Ahmedabad,4.99,13900.0,34,0.07,,Ahmedabad-IT,
14,15,57.0,76793.0,12.0,Finance,Bangalore,1.12,11440.0,55,0.66,7679.3,Bangalore-Finance,Medium
15,16,41.0,,,Marketing,Delhi,4.59,14678.0,59,0.81,,Delhi-Marketing,
16,17,20.0,67915.0,,Sales,Pune,3.49,47204.0,51,0.67,6791.5,Pune-Sales,Medium
17,18,39.0,24632.0,26.0,Marketing,Bangalore,4.89,,42,0.5,2463.2,Bangalore-Marketing,Low
18,19,19.0,124592.0,37.0,HR,Pune,2.86,6772.0,48,0.95,12459.2,Pune-HR,High
19,20,41.0,23596.0,6.0,Finance,Bangalore,4.39,1627.0,58,0.3,2359.6,Bangalore-Finance,Low
20,21,61.0,129779.0,4.0,Finance,Delhi,1.25,44432.0,32,0.02,12977.9,Delhi-Finance,High
21,22,,26168.0,30.0,HR,Ahmedabad,2.34,8219.0,55,0.43,2616.8,Ahmedabad-HR,Low
22,23,55.0,128099.0,22.0,HR,Delhi,,,37,0.03,12809.9,Delhi-HR,High
23,24,19.0,27561.0,9.0,Sales,Ahmedabad,4.9,30232.0,56,0.95,2756.1,Ahmedabad-Sales,Low
24,25,38.0,93794.0,31.0,Finance,Ahmedabad,4.27,42481.0,55,0.21,9379.4,Ahmedabad-Finance,Medium
25,26,50.0,102152.0,29.0,Finance,Pune,4.41,8488.0,55,0.79,10215.2,Pune-Finance,High
26,27,29.0,145036.0,38.0,Sales,Delhi,4.75,34949.0,41,0.77,14503.6,Delhi-Sales,High
27,28,39.0,144049.0,30.0,IT,Bangalore,1.34,44362.0,31,0.22,14404.9,Bangalore-IT,High
28,29,,46734.0,17.0,Sales,Delhi,2.54,39932.0,40,0.62,4673.4,Delhi-Sales,Low
29,30,42.0,26371.0,35.0,Marketing,Pune,1.28,18981.0,41,0.05,2637.1,Pune-Marketing,Low
30,31,66.0,138894.0,1.0,Finance,Ahmedabad,1.84,,57,0.48,13889.4,Ahmedabad-Finance,High
31,32,44.0,46069.0,13.0,HR,Pune,1.92,22444.0,47,0.01,4606.9,Pune-HR,Low
32,33,59.0,99905.0,,Marketing,Mumbai,,42058.0,42,0.92,9990.5,Mumbai-Marketing,Medium
33,34,,,28.0,Finance,Mumbai,2.07,18061.0,34,0.98,,Mumbai-Finance,
34,35,,93479.0,11.0,Sales,Bangalore,1.4,2881.0,51,0.22,9347.9,Bangalore-Sales,Medium
35,36,32.0,97735.0,,Marketing,Pune,1.67,29863.0,41,0.21,9773.5,Pune-Marketing,Medium
36,37,64.0,101264.0,1.0,Finance,Bangalore,1.59,45826.0,31,0.75,10126.4,Bangalore-Finance,High
37,38,68.0,43275.0,31.0,IT,Bangalore,4.89,5622.0,34,0.25,4327.5,Bangalore-IT,Low
38,39,,92274.0,12.0,IT,Mumbai,4.04,1378.0,36,0.9,9227.4,Mumbai-IT,Medium
39,40,69.0,101449.0,26.0,HR,Bangalore,4.87,17632.0,55,0.57,10144.9,Bangalore-HR,High
40,41,20.0,120776.0,16.0,Finance,Mumbai,2.76,,55,0.35,12077.6,Mumbai-Finance,High
41,42,54.0,80004.0,39.0,IT,Ahmedabad,2.11,5650.0,53,0.83,8000.4,Ahmedabad-IT,Medium
42,43,68.0,82981.0,30.0,Sales,Pune,4.19,45201.0,41,0.49,8298.1,Pune-Sales,Medium
43,44,24.0,104659.0,33.0,Finance,Bangalore,2.31,42224.0,45,0.91,10465.9,Bangalore-Finance,High
44,45,,,23.0,Sales,Mumbai,2.2,7036.0,52,0.93,,Mumbai-Sales,
45,46,26.0,,34.0,Sales,Delhi,1.93,39255.0,37,0.17,,Delhi-Sales,
46,47,56.0,54529.0,5.0,IT,Bangalore,1.52,22499.0,59,0.0,5452.9,Bangalore-IT,Medium
47,48,35.0,146394.0,18.0,Finance,Ahmedabad,2.03,37016.0,57,0.98,14639.4,Ahmedabad-Finance,High
48,49,21.0,95703.0,29.0,Marketing,Ahmedabad,,4603.0,38,0.91,9570.3,Ahmedabad-Marketing,Medium
49,50,42.0,,,IT,Delhi,3.7,27773.0,44,0.06,,Delhi-IT,
50,51,31.0,37260.0,9.0,IT,Mumbai,1.25,19937.0,34,0.83,3726.0,Mumbai-IT,Low
51,52,67.0,132581.0,31.0,Finance,Bangalore,1.84,12632.0,42,0.46,13258.1,Bangalore-Finance,High
52,53,26.0,23812.0,33.0,Finance,Mumbai,4.24,30607.0,34,0.26,2381.2,Mumbai-Finance,Low
53,54,43.0,48024.0,27.0,Sales,Ahmedabad,1.59,26337.0,40,0.88,4802.4,Ahmedabad-Sales,Low
54,55,19.0,78656.0,14.0,Finance,Mumbai,2.37,220.0,39,0.2,7865.6,Mumbai-Finance,Medium
55,56,37.0,136148.0,29.0,Sales,Ahmedabad,4.46,46994.0,49,0.95,13614.8,Ahmedabad-Sales,High
56,57,45.0,47285.0,36.0,IT,Mumbai,1.62,4818.0,42,0.21,4728.5,Mumbai-IT,Low
57,58,64.0,,28.0,HR,Delhi,1.33,7349.0,38,0.61,,Delhi-HR,
58,59,24.0,136421.0,21.0,Marketing,Pune,2.94,,50,0.22,13642.1,Pune-Marketing,High
59,60,61.0,21605.0,3.0,IT,Delhi,2.21,27464.0,43,0.55,2160.5,Delhi-IT,Low
60,61,25.0,91158.0,19.0,Finance,Delhi,3.25,42624.0,47,0.68,9115.8,Delhi-Finance,Medium
61,62,64.0,92303.0,31.0,Marketing,Pune,4.22,37344.0,44,0.19,9230.3,Pune-Marketing,Medium
62,63,52.0,47139.0,35.0,HR,Pune,1.55,18255.0,39,0.52,4713.9,Pune-HR,Low
63,64,31.0,97149.0,3.0,HR,Bangalore,3.32,,53,0.47,9714.9,Bangalore-HR,Medium
64,65,34.0,,26.0,Sales,Bangalore,3.02,47975.0,36,0.07,,Bangalore-Sales,
65,66,53.0,138205.0,16.0,Marketing,Delhi,1.58,1462.0,37,0.82,13820.5,Delhi-Marketing,High
66,67,67.0,96125.0,11.0,Sales,Delhi,3.5,15905.0,57,0.34,9612.5,Delhi-Sales,Medium
67,68,57.0,33918.0,21.0,IT,Ahmedabad,2.09,24920.0,32,0.57,3391.8,Ahmedabad-IT,Low
68,69,21.0,105655.0,16.0,Marketing,Ahmedabad,2.95,16252.0,44,0.51,10565.5,Ahmedabad-Marketing,High
69,70,19.0,47446.0,,IT,Bangalore,,41004.0,45,0.51,4744.6,Bangalore-IT,Low
70,71,23.0,144040.0,,Sales,Bangalore,2.84,,33,0.11,14404.0,Bangalore-Sales,High
71,72,59.0,33046.0,21.0,Marketing,Ahmedabad,2.23,34836.0,50,0.42,3304.6,Ahmedabad-Marketing,Low
72,73,21.0,149922.0,25.0,Sales,Ahmedabad,4.29,5753.0,35,0.45,14992.2,Ahmedabad-Sales,High
73,74,46.0,44818.0,17.0,Marketing,Mumbai,1.23,40005.0,30,0.73,4481.8,Mumbai-Marketing,Low
74,75,35.0,120894.0,13.0,Sales,Mumbai,2.67,,33,0.84,12089.4,Mumbai-Sales,High
75,76,43.0,135751.0,28.0,HR,Ahmedabad,2.83,6191.0,40,0.54,13575.1,Ahmedabad-HR,High
76,77,61.0,24324.0,11.0,Sales,Mumbai,3.9,17898.0,41,0.09,2432.4,Mumbai-Sales,Low
77,78,51.0,96323.0,35.0,HR,Pune,3.3,18982.0,55,0.24,9632.3,Pune-HR,Medium
78,79,27.0,29111.0,,Sales,Bangalore,3.67,14622.0,58,0.16,2911.1,Bangalore-Sales,Low
79,80,,58110.0,11.0,Marketing,Bangalore,4.11,,34,0.12,5811.0,Bangalore-Marketing,Medium
80,81,31.0,36389.0,6.0,Marketing,Ahmedabad,4.45,47645.0,52,0.37,3638.9,Ahmedabad-Marketing,Low
81,82,48.0,142177.0,28.0,Marketing,Delhi,2.26,43000.0,58,0.23,14217.7,Delhi-Marketing,High
82,83,65.0,61427.0,10.0,Finance,Ahmedabad,3.15,23283.0,50,0.22,6142.7,Ahmedabad-Finance,Medium
83,84,32.0,99579.0,32.0,IT,Mumbai,4.36,21435.0,45,0.05,9957.9,Mumbai-IT,Medium
84,85,25.0,48746.0,5.0,Marketing,Delhi,,27223.0,42,0.02,4874.6,Delhi-Marketing,Low
85,86,31.0,142883.0,14.0,HR,Mumbai,4.56,37244.0,42,0.1,14288.3,Mumbai-HR,High
86,87,,107886.0,31.0,Marketing,Pune,2.49,30024.0,46,0.17,10788.6,Pune-Marketing,High
87,88,57.0,127141.0,10.0,Finance,Mumbai,,49630.0,56,0.43,12714.1,Mumbai-Finance,High
88,89,38.0,20117.0,22.0,HR,Pune,2.96,30734.0,36,0.51,2011.7,Pune-HR,Low
89,90,33.0,145808.0,25.0,Finance,Pune,3.97,515.0,37,0.14,14580.8,Pune-Finance,High
90,91,62.0,132221.0,,HR,Mumbai,2.97,45246.0,42,0.42,13222.1,Mumbai-HR,High
91,92,35.0,104471.0,33.0,Sales,Mumbai,2.93,1191.0,52,0.34,10447.1,Mumbai-Sales,High
92,93,64.0,132613.0,28.0,IT,Pune,4.35,32264.0,56,0.18,13261.3,Pune-IT,High
93,94,41.0,33234.0,3.0,IT,Delhi,2.45,,45,0.01,3323.4,Delhi-IT,Low
94,95,,149597.0,16.0,Finance,Pune,4.44,46216.0,59,0.47,14959.7,Pune-Finance,High
95,96,42.0,123864.0,34.0,IT,Bangalore,2.63,6297.0,58,0.69,12386.4,Bangalore-IT,High
96,97,,73441.0,12.0,Finance,Pune,2.31,27856.0,33,0.23,7344.1,Pune-Finance,Medium
97,98,58.0,,38.0,Finance,Delhi,,,37,0.13,,Delhi-Finance,
98,99,46.0,,14.0,Finance,Bangalore,,8334.0,45,0.89,,Bangalore-Finance,
99,100,32.0,99239.0,28.0,IT,Ahmedabad,1.5,24162.0,50,0.28,9923.9,Ahmedabad-IT,Medium
100,101,62.0,133689.0,28.0,Finance,Ahmedabad,1.79,6008.0,39,0.22,13368.9,Ahmedabad-Finance,High
101,102,18.0,66514.0,10.0,IT,Delhi,4.81,7987.0,54,0.86,6651.4,Delhi-IT,Medium
102,103,42.0,108236.0,,Finance,Pune,1.7,30966.0,41,0.82,10823.6,Pune-Finance,High
103,104,24.0,117579.0,,Marketing,Mumbai,3.27,3332.0,41,0.45,11757.9,Mumbai-Marketing,High
104,105,26.0,148644.0,13.0,Finance,Delhi,3.32,787.0,55,0.49,14864.4,Delhi-Finance,High
105,106,41.0,26469.0,,HR,Bangalore,2.96,38990.0,34,0.22,2646.9,Bangalore-HR,Low
106,107,18.0,50105.0,21.0,Finance,Bangalore,3.58,9873.0,45,0.08,5010.5,Bangalore-Finance,Medium
107,108,,62101.0,10.0,Sales,Ahmedabad,1.92,17006.0,30,0.57,6210.1,Ahmedabad-Sales,Medium
108,109,25.0,84323.0,26.0,Finance,Bangalore,3.21,20225.0,57,0.1,8432.3,Bangalore-Finance,Medium
109,110,41.0,111922.0,,HR,Delhi,2.49,36444.0,38,0.45,11192.2,Delhi-HR,High
110,111,28.0,78067.0,16.0,HR,Bangalore,3.65,35340.0,41,0.94,7806.7,Bangalore-HR,Medium
111,112,68.0,69376.0,27.0,IT,Delhi,,39683.0,34,0.95,6937.6,Delhi-IT,Medium
112,113,34.0,65587.0,28.0,Marketing,Mumbai,3.28,5033.0,51,0.24,6558.7,Mumbai-Marketing,Medium
113,114,25.0,56976.0,,Finance,Ahmedabad,1.74,7788.0,49,0.62,5697.6,Ahmedabad-Finance,Medium
114,115,52.0,124587.0,15.0,IT,Bangalore,2.11,15689.0,51,0.47,12458.7,Bangalore-IT,High
115,116,52.0,147534.0,36.0,Marketing,Delhi,1.87,44220.0,57,0.88,14753.4,Delhi-Marketing,High
116,117,,87584.0,19.0,Finance,Pune,1.73,21598.0,53,0.27,8758.4,Pune-Finance,Medium
117,118,22.0,124537.0,5.0,Sales,Ahmedabad,4.3,37480.0,32,0.0,12453.7,Ahmedabad-Sales,High
118,119,59.0,98477.0,18.0,Finance,Mumbai,2.14,29703.0,34,0.16,9847.7,Mumbai-Finance,Medium
119,120,56.0,130911.0,4.0,HR,Delhi,4.71,66.0,31,0.35,13091.1,Delhi-HR,High
120,121,,62533.0,2.0,HR,Mumbai,4.88,48623.0,43,0.32,6253.3,Mumbai-HR,Medium
121,122,45.0,21828.0,0.0,Sales,Mumbai,3.29,,31,0.79,2182.8,Mumbai-Sales,Low
122,123,24.0,21917.0,37.0,IT,Bangalore,1.57,7533.0,42,0.68,2191.7,Bangalore-IT,Low
123,124,26.0,40618.0,,Marketing,Bangalore,2.5,15103.0,36,0.3,4061.8,Bangalore-Marketing,Low
124,125,25.0,52254.0,33.0,Finance,Delhi,4.19,4616.0,39,0.46,5225.4,Delhi-Finance,Medium
125,126,29.0,125292.0,,HR,Pune,2.47,46045.0,42,0.1,12529.2,Pune-HR,High
126,127,,136714.0,24.0,IT,Delhi,1.35,38498.0,45,0.9,13671.4,Delhi-IT,High
127,128,50.0,67362.0,23.0,Sales,Pune,3.23,43492.0,55,0.94,6736.2,Pune-Sales,Medium
128,129,,40128.0,11.0,HR,Mumbai,,11772.0,43,0.98,4012.8,Mumbai-HR,Low
129,130,40.0,,17.0,Sales,Ahmedabad,4.18,23849.0,40,0.87,,Ahmedabad-Sales,
130,131,41.0,131281.0,14.0,Finance,Delhi,,49036.0,39,0.17,13128.1,Delhi-Finance,High
131,132,54.0,79383.0,15.0,Marketing,Delhi,3.69,12940.0,35,0.05,7938.3,Delhi-Marketing,Medium
132,133,52.0,,26.0,HR,Pune,1.88,16932.0,33,0.58,,Pune-HR,
133,134,61.0,102180.0,7.0,HR,Mumbai,1.87,29769.0,50,0.91,10218.0,Mumbai-HR,High
134,135,57.0,107958.0,24.0,Finance,Mumbai,4.5,24648.0,30,0.18,10795.8,Mumbai-Finance,High
135,136,39.0,29865.0,16.0,IT,Pune,2.0,47411.0,36,0.01,2986.5,Pune-IT,Low
136,137,44.0,22219.0,28.0,Marketing,Mumbai,,32966.0,53,0.81,2221.9,Mumbai-Marketing,Low
137,138,52.0,59809.0,7.0,HR,Bangalore,1.0,27777.0,38,0.08,5980.9,Bangalore-HR,Medium
138,139,18.0,136748.0,14.0,Marketing,Ahmedabad,4.48,32567.0,37,0.41,13674.8,Ahmedabad-Marketing,High
139,140,52.0,25287.0,26.0,HR,Delhi,4.17,49723.0,34,0.68,2528.7,Delhi-HR,Low
140,141,54.0,146593.0,6.0,Marketing,Ahmedabad,3.51,17174.0,48,0.24,14659.3,Ahmedabad-Marketing,High
141,142,64.0,54387.0,2.0,Sales,Delhi,4.0,42598.0,39,0.08,5438.7,Delhi-Sales,Medium
142,143,31.0,28512.0,28.0,HR,Bangalore,,13798.0,40,0.77,2851.2,Bangalore-HR,Low
143,144,20.0,21342.0,23.0,Marketing,Mumbai,2.83,17558.0,54,0.63,2134.2,Mumbai-Marketing,Low
144,145,18.0,83076.0,2.0,IT,Pune,2.4,44237.0,44,0.99,8307.6,Pune-IT,Medium
145,146,22.0,128872.0,19.0,Sales,Bangalore,1.38,178.0,35,0.34,12887.2,Bangalore-Sales,High
146,147,43.0,39216.0,14.0,Sales,Ahmedabad,2.94,20470.0,44,0.06,3921.6,Ahmedabad-Sales,Low
147,148,31.0,137512.0,24.0,IT,Pune,,17118.0,34,0.73,13751.2,Pune-IT,High
148,149,56.0,136682.0,29.0,Marketing,Mumbai,1.16,22616.0,58,0.52,13668.2,Mumbai-Marketing,High
149,150,44.0,113070.0,13.0,Finance,Bangalore,2.17,798.0,48,0.21,11307.0,Bangalore-Finance,High
150,151,26.0,99767.0,6.0,IT,Pune,1.83,7601.0,51,0.78,9976.7,Pune-IT,Medium
151,152,32.0,,,Marketing,Bangalore,1.95,25363.0,48,0.2,,Bangalore-Marketing,
152,153,32.0,46614.0,19.0,IT,Bangalore,4.63,2795.0,39,0.26,4661.4,Bangalore-IT,Low
153,154,43.0,56258.0,35.0,IT,Mumbai,2.87,31926.0,41,0.09,5625.8,Mumbai-IT,Medium
154,155,,113789.0,8.0,HR,Delhi,2.87,45264.0,51,0.4,11378.9,Delhi-HR,High
155,156,30.0,,37.0,Marketing,Pune,4.04,37356.0,33,0.42,,Pune-Marketing,
156,157,68.0,126288.0,21.0,Finance,Mumbai,1.62,7297.0,47,0.51,12628.8,Mumbai-Finance,High
157,158,49.0,,1.0,HR,Bangalore,2.95,3084.0,45,0.71,,Bangalore-HR,
158,159,56.0,116573.0,23.0,IT,Mumbai,2.72,30329.0,37,0.91,11657.3,Mumbai-IT,High
159,160,66.0,32219.0,7.0,IT,Delhi,3.39,11110.0,33,0.14,3221.9,Delhi-IT,Low
160,161,69.0,20235.0,10.0,IT,Pune,5.0,731.0,54,0.05,2023.5,Pune-IT,Low
161,162,49.0,,12.0,Marketing,Delhi,4.08,1129.0,52,0.02,,Delhi-Marketing,
162,163,21.0,147309.0,16.0,Marketing,Ahmedabad,2.59,28022.0,41,0.14,14730.9,Ahmedabad-Marketing,High
163,164,47.0,87444.0,7.0,HR,Pune,4.31,,31,0.66,8744.4,Pune-HR,Medium
164,165,54.0,28567.0,20.0,Finance,Delhi,1.68,,33,0.73,2856.7,Delhi-Finance,Low
165,166,40.0,121834.0,17.0,HR,Bangalore,1.12,43705.0,34,0.79,12183.4,Bangalore-HR,High
166,167,56.0,90792.0,29.0,Sales,Pune,,44130.0,32,0.24,9079.2,Pune-Sales,Medium
167,168,62.0,85441.0,17.0,IT,Pune,2.36,29265.0,38,0.31,8544.1,Pune-IT,Medium
168,169,32.0,104555.0,,IT,Mumbai,,32330.0,58,0.48,10455.5,Mumbai-IT,High
169,170,,93698.0,37.0,IT,Bangalore,3.46,2933.0,50,0.06,9369.8,Bangalore-IT,Medium
170,171,46.0,144450.0,31.0,HR,Ahmedabad,4.64,15187.0,47,0.61,14445.0,Ahmedabad-HR,High
171,172,53.0,137248.0,10.0,HR,Delhi,3.04,25791.0,40,0.98,13724.8,Delhi-HR,High
172,173,30.0,25415.0,24.0,IT,Mumbai,3.01,24900.0,32,0.36,2541.5,Mumbai-IT,Low
173,174,49.0,56159.0,32.0,HR,Delhi,1.2,5074.0,59,0.75,5615.9,Delhi-HR,Medium
174,175,24.0,63925.0,37.0,Marketing,Ahmedabad,1.14,,54,0.5,6392.5,Ahmedabad-Marketing,Medium
175,176,68.0,146523.0,7.0,Marketing,Ahmedabad,3.2,26426.0,52,0.13,14652.3,Ahmedabad-Marketing,High
176,177,39.0,25951.0,10.0,HR,Pune,,,31,0.58,2595.1,Pune-HR,Low
177,178,45.0,107388.0,21.0,IT,Ahmedabad,4.36,893.0,38,0.3,10738.8,Ahmedabad-IT,High
178,179,19.0,28007.0,23.0,HR,Delhi,1.64,34158.0,43,0.03,2800.7,Delhi-HR,Low
179,180,59.0,146730.0,16.0,HR,Bangalore,1.1,19773.0,33,0.63,14673.0,Bangalore-HR,High
180,181,,61832.0,11.0,HR,Bangalore,,4239.0,58,0.86,6183.2,Bangalore-HR,Medium
181,182,23.0,,31.0,Sales,Pune,1.95,20863.0,38,0.34,,Pune-Sales,
182,183,45.0,141101.0,14.0,Marketing,Delhi,1.2,3432.0,42,0.39,14110.1,Delhi-Marketing,High
183,184,45.0,50523.0,15.0,Finance,Delhi,,35139.0,47,0.89,5052.3,Delhi-Finance,Medium
184,185,,108861.0,21.0,Finance,Ahmedabad,1.45,1515.0,44,0.81,10886.1,Ahmedabad-Finance,High
185,186,61.0,144194.0,27.0,Sales,Delhi,3.43,31670.0,57,0.71,14419.4,Delhi-Sales,High
186,187,37.0,106740.0,19.0,HR,Mumbai,2.12,48674.0,39,0.25,10674.0,Mumbai-HR,High
187,188,47.0,35524.0,32.0,Sales,Ahmedabad,1.69,39094.0,45,0.91,3552.4,Ahmedabad-Sales,Low
188,189,28.0,149028.0,9.0,Sales,Mumbai,2.52,,41,0.15,14902.8,Mumbai-Sales,High
189,190,45.0,39282.0,39.0,IT,Pune,4.21,5586.0,49,0.63,3928.2,Pune-IT,Low
190,191,42.0,43930.0,31.0,Marketing,Bangalore,2.57,,34,0.03,4393.0,Bangalore-Marketing,Low
191,192,56.0,20077.0,32.0,Finance,Pune,4.0,48669.0,31,0.64,2007.7,Pune-Finance,Low
192,193,50.0,125881.0,1.0,HR,Bangalore,1.5,31186.0,39,0.28,12588.1,Bangalore-HR,High
193,194,18.0,145501.0,,Finance,Pune,4.09,26928.0,30,0.45,14550.1,Pune-Finance,High
194,195,,40611.0,32.0,Finance,Delhi,1.95,32728.0,36,0.35,4061.1,Delhi-Finance,Low
195,196,69.0,,12.0,Marketing,Mumbai,3.71,17551.0,55,0.17,,Mumbai-Marketing,
196,197,30.0,34060.0,29.0,Finance,Bangalore,,21493.0,46,0.62,3406.0,Bangalore-Finance,Low
197,198,58.0,102985.0,32.0,Finance,Ahmedabad,4.72,20711.0,45,0.88,10298.5,Ahmedabad-Finance,High
198,199,20.0,104056.0,,Sales,Mumbai,2.55,20039.0,56,0.96,10405.6,Mumbai-Sales,High
199,200,56.0,145329.0,25.0,Marketing,Ahmedabad,1.26,36561.0,56,0.19,14532.9,Ahmedabad-Marketing,High
200,201,23.0,63303.0,21.0,IT,Mumbai,1.08,9947.0,53,0.72,6330.3,Mumbai-IT,Medium
201,202,25.0,79207.0,38.0,HR,Mumbai,4.31,32335.0,32,0.66,7920.7,Mumbai-HR,Medium
202,203,44.0,95046.0,,Finance,Pune,,15859.0,43,0.34,9504.6,Pune-Finance,Medium
203,204,26.0,49287.0,37.0,HR,Bangalore,4.1,23122.0,39,0.02,4928.7,Bangalore-HR,Low
204,205,54.0,113709.0,38.0,IT,Bangalore,1.94,1577.0,51,0.69,11370.9,Bangalore-IT,High
205,206,50.0,59711.0,25.0,HR,Mumbai,2.38,42256.0,36,0.95,5971.1,Mumbai-HR,Medium
206,207,68.0,31954.0,14.0,IT,Delhi,1.12,28350.0,55,0.63,3195.4,Delhi-IT,Low
207,208,59.0,93340.0,33.0,Sales,Delhi,,41932.0,46,0.44,9334.0,Delhi-Sales,Medium
208,209,61.0,92101.0,,Finance,Ahmedabad,3.67,33798.0,59,0.53,9210.1,Ahmedabad-Finance,Medium
209,210,41.0,91520.0,10.0,IT,Ahmedabad,4.73,31898.0,35,0.2,9152.0,Ahmedabad-IT,Medium
210,211,32.0,107062.0,2.0,HR,Pune,2.06,15881.0,52,0.75,10706.2,Pune-HR,High
211,212,49.0,,5.0,Finance,Mumbai,3.45,10785.0,51,0.75,,Mumbai-Finance,
212,213,49.0,38574.0,8.0,Sales,Ahmedabad,3.71,6691.0,33,0.15,3857.4,Ahmedabad-Sales,Low
213,214,41.0,29184.0,5.0,Finance,Ahmedabad,2.27,17297.0,46,0.88,2918.4,Ahmedabad-Finance,Low
214,215,58.0,,8.0,IT,Mumbai,4.39,6358.0,56,0.27,,Mumbai-IT,
215,216,69.0,87728.0,38.0,Sales,Pune,4.79,19581.0,38,0.98,8772.8,Pune-Sales,Medium
216,217,66.0,54016.0,30.0,HR,Ahmedabad,4.54,1462.0,33,0.38,5401.6,Ahmedabad-HR,Medium
217,218,66.0,31246.0,31.0,Sales,Pune,3.96,15511.0,36,0.18,3124.6,Pune-Sales,Low
218,219,69.0,65558.0,11.0,Sales,Bangalore,2.11,10570.0,52,0.35,6555.8,Bangalore-Sales,Medium
219,220,29.0,138721.0,7.0,Marketing,Pune,2.13,,31,0.44,13872.1,Pune-Marketing,High
220,221,56.0,38381.0,7.0,Sales,Delhi,4.85,44414.0,46,0.07,3838.1,Delhi-Sales,Low
221,222,19.0,147796.0,27.0,Sales,Delhi,1.04,15474.0,53,0.58,14779.6,Delhi-Sales,High
222,223,20.0,56455.0,19.0,Finance,Pune,3.86,,37,0.6,5645.5,Pune-Finance,Medium
223,224,66.0,112263.0,6.0,HR,Delhi,3.82,28129.0,52,0.74,11226.3,Delhi-HR,High
224,225,54.0,24018.0,10.0,Finance,Bangalore,,42267.0,59,0.03,2401.8,Bangalore-Finance,Low
225,226,66.0,31302.0,19.0,Finance,Mumbai,4.96,13386.0,44,0.54,3130.2,Mumbai-Finance,Low
226,227,34.0,87506.0,15.0,IT,Delhi,2.25,6221.0,44,0.05,8750.6,Delhi-IT,Medium
227,228,66.0,61157.0,3.0,Finance,Delhi,2.36,23474.0,37,0.7,6115.7,Delhi-Finance,Medium
228,229,19.0,74917.0,5.0,Marketing,Pune,1.32,40537.0,45,0.06,7491.7,Pune-Marketing,Medium
229,230,19.0,,21.0,Marketing,Bangalore,2.77,49839.0,48,0.91,,Bangalore-Marketing,
230,231,45.0,116646.0,25.0,IT,Mumbai,2.04,47124.0,40,0.7,11664.6,Mumbai-IT,High
231,232,40.0,103122.0,2.0,HR,Pune,,21045.0,31,0.51,10312.2,Pune-HR,High
232,233,54.0,44519.0,13.0,HR,Pune,4.34,25783.0,52,0.44,4451.9,Pune-HR,Low
233,234,49.0,116809.0,10.0,Finance,Bangalore,4.74,40157.0,53,0.13,11680.9,Bangalore-Finance,High
234,235,50.0,107487.0,17.0,Finance,Mumbai,1.74,4922.0,46,0.29,10748.7,Mumbai-Finance,High
235,236,18.0,76819.0,11.0,Finance,Bangalore,,46407.0,57,0.87,7681.9,Bangalore-Finance,Medium
236,237,36.0,100910.0,22.0,HR,Mumbai,4.71,22706.0,55,0.9,10091.0,Mumbai-HR,High
237,238,19.0,140430.0,11.0,Sales,Bangalore,1.25,42771.0,45,0.0,14043.0,Bangalore-Sales,High
238,239,61.0,91324.0,12.0,Marketing,Pune,1.37,32479.0,54,0.59,9132.4,Pune-Marketing,Medium
239,240,43.0,,24.0,Sales,Pune,1.65,5178.0,44,0.72,,Pune-Sales,
240,241,49.0,79379.0,18.0,Sales,Ahmedabad,3.38,30022.0,42,0.62,7937.9,Ahmedabad-Sales,Medium
241,242,23.0,45053.0,35.0,HR,Delhi,1.6,15240.0,44,0.08,4505.3,Delhi-HR,Low
242,243,49.0,,7.0,Sales,Bangalore,4.87,,56,0.22,,Bangalore-Sales,
243,244,21.0,,28.0,IT,Ahmedabad,2.79,36736.0,33,0.25,,Ahmedabad-IT,
244,245,28.0,118723.0,31.0,Finance,Delhi,3.01,2716.0,45,0.83,11872.3,Delhi-Finance,High
245,246,34.0,71356.0,17.0,IT,Bangalore,1.99,16574.0,59,0.46,7135.6,Bangalore-IT,Medium
246,247,,30789.0,5.0,Marketing,Mumbai,2.88,46279.0,41,0.49,3078.9,Mumbai-Marketing,Low
247,248,41.0,117720.0,,Finance,Delhi,,17719.0,59,0.93,11772.0,Delhi-Finance,High
248,249,22.0,86656.0,18.0,Sales,Pune,4.0,,33,0.64,8665.6,Pune-Sales,Medium
249,250,69.0,64028.0,,Marketing,Ahmedabad,4.02,45763.0,32,0.9,6402.8,Ahmedabad-Marketing,Medium
250,251,51.0,84484.0,36.0,Finance,Delhi,3.31,44066.0,51,0.46,8448.4,Delhi-Finance,Medium
251,252,,52154.0,31.0,Sales,Delhi,4.62,49530.0,46,0.15,5215.4,Delhi-Sales,Medium
252,253,39.0,102870.0,2.0,IT,Pune,4.27,20213.0,51,0.93,10287.0,Pune-IT,High
253,254,28.0,22336.0,27.0,Finance,Bangalore,4.03,6380.0,47,0.46,2233.6,Bangalore-Finance,Low
254,255,65.0,123677.0,9.0,Sales,Mumbai,1.22,615.0,54,0.18,12367.7,Mumbai-Sales,High
255,256,33.0,87779.0,34.0,IT,Pune,1.03,463.0,47,0.3,8777.9,Pune-IT,Medium
256,257,50.0,39029.0,28.0,Marketing,Mumbai,1.85,31973.0,52,0.05,3902.9,Mumbai-Marketing,Low
257,258,26.0,79201.0,14.0,Marketing,Bangalore,,9158.0,57,0.47,7920.1,Bangalore-Marketing,Medium
258,259,,52265.0,32.0,Marketing,Delhi,2.64,20651.0,46,0.85,5226.5,Delhi-Marketing,Medium
259,260,,122916.0,6.0,Marketing,Mumbai,2.61,3158.0,41,0.93,12291.6,Mumbai-Marketing,High
260,261,46.0,132250.0,,HR,Ahmedabad,4.54,20008.0,52,0.93,13225.0,Ahmedabad-HR,High
261,262,20.0,136553.0,29.0,Finance,Ahmedabad,4.58,46202.0,50,0.13,13655.3,Ahmedabad-Finance,High
262,263,37.0,63872.0,,Finance,Pune,4.64,4938.0,53,0.38,6387.2,Pune-Finance,Medium
263,264,53.0,66197.0,30.0,HR,Bangalore,,38185.0,33,0.03,6619.7,Bangalore-HR,Medium
264,265,36.0,145733.0,23.0,Sales,Pune,3.76,22388.0,41,0.86,14573.3,Pune-Sales,High
265,266,43.0,75180.0,19.0,Sales,Pune,2.09,8881.0,55,0.36,7518.0,Pune-Sales,Medium
266,267,,43710.0,,Marketing,Pune,1.76,5603.0,52,0.63,4371.0,Pune-Marketing,Low
267,268,36.0,49486.0,3.0,IT,Ahmedabad,1.74,34980.0,51,0.71,4948.6,Ahmedabad-IT,Low
268,269,37.0,91907.0,,Sales,Ahmedabad,2.37,22504.0,50,0.43,9190.7,Ahmedabad-Sales,Medium
269,270,49.0,148876.0,19.0,IT,Pune,,16766.0,49,0.31,14887.6,Pune-IT,High
270,271,24.0,91895.0,23.0,Finance,Ahmedabad,4.32,,44,0.96,9189.5,Ahmedabad-Finance,Medium
271,272,69.0,84435.0,31.0,IT,Bangalore,1.48,11695.0,52,0.96,8443.5,Bangalore-IT,Medium
272,273,58.0,60631.0,35.0,Finance,Pune,3.94,17796.0,57,0.29,6063.1,Pune-Finance,Medium
273,274,50.0,,33.0,HR,Ahmedabad,3.13,42543.0,45,0.48,,Ahmedabad-HR,
274,275,57.0,121532.0,,HR,Mumbai,2.15,14559.0,34,0.97,12153.2,Mumbai-HR,High
275,276,56.0,40103.0,1.0,Marketing,Pune,2.97,38914.0,50,0.0,4010.3,Pune-Marketing,Low
276,277,35.0,84772.0,14.0,Sales,Pune,2.2,33139.0,44,0.41,8477.2,Pune-Sales,Medium
277,278,57.0,146108.0,33.0,Marketing,Bangalore,3.38,,46,0.1,14610.8,Bangalore-Marketing,High
278,279,18.0,34382.0,,Finance,Delhi,2.74,8802.0,47,0.51,3438.2,Delhi-Finance,Low
279,280,28.0,104291.0,5.0,Marketing,Delhi,1.66,8307.0,34,0.02,10429.1,Delhi-Marketing,High
280,281,45.0,121195.0,38.0,IT,Bangalore,1.47,40205.0,42,0.41,12119.5,Bangalore-IT,High
281,282,42.0,23756.0,11.0,Finance,Bangalore,3.19,33214.0,48,0.22,2375.6,Bangalore-Finance,Low
282,283,67.0,40609.0,2.0,HR,Bangalore,,,59,0.53,4060.9,Bangalore-HR,Low
283,284,,134074.0,17.0,Sales,Delhi,2.38,11516.0,42,1.0,13407.4,Delhi-Sales,High
284,285,48.0,36478.0,,Finance,Bangalore,3.93,29086.0,47,0.8,3647.8,Bangalore-Finance,Low
285,286,47.0,120978.0,20.0,Finance,Ahmedabad,3.63,48222.0,43,0.85,12097.8,Ahmedabad-Finance,High
286,287,59.0,,14.0,IT,Pune,4.73,30480.0,59,0.64,,Pune-IT,
287,288,52.0,95683.0,32.0,Sales,Pune,4.28,44659.0,33,0.04,9568.3,Pune-Sales,Medium
288,289,24.0,119097.0,34.0,HR,Mumbai,3.27,47766.0,33,0.21,11909.7,Mumbai-HR,High
289,290,33.0,144714.0,,Finance,Mumbai,3.63,38737.0,49,0.93,14471.4,Mumbai-Finance,High
290,291,43.0,120420.0,,Finance,Pune,4.59,9265.0,49,0.37,12042.0,Pune-Finance,High
291,292,65.0,91315.0,35.0,IT,Ahmedabad,2.6,48629.0,48,0.1,9131.5,Ahmedabad-IT,Medium
292,293,69.0,97834.0,29.0,Marketing,Delhi,2.31,5454.0,42,0.7,9783.4,Delhi-Marketing,Medium
293,294,66.0,146205.0,,HR,Delhi,1.04,35918.0,41,0.3,14620.5,Delhi-HR,High
294,295,19.0,,13.0,Sales,Ahmedabad,4.31,26181.0,36,0.27,,Ahmedabad-Sales,
295,296,18.0,129415.0,13.0,Finance,Delhi,4.2,15386.0,54,1.0,12941.5,Delhi-Finance,High
296,297,65.0,,1.0,Finance,Bangalore,1.42,39182.0,41,0.86,,Bangalore-Finance,
297,298,29.0,129701.0,36.0,HR,Pune,3.31,,50,0.41,12970.1,Pune-HR,High
298,299,22.0,32999.0,4.0,Marketing,Pune,,43254.0,33,0.98,3299.9,Pune-Marketing,Low
299,300,54.0,75318.0,37.0,Finance,Ahmedabad,1.47,24327.0,56,0.65,7531.8,Ahmedabad-Finance,Medium
300,301,49.0,,13.0,HR,Delhi,4.92,21181.0,31,0.74,,Delhi-HR,
301,302,26.0,135033.0,,IT,Mumbai,1.86,47662.0,31,0.03,13503.3,Mumbai-IT,High
302,303,58.0,96077.0,24.0,Marketing,Mumbai,1.27,21452.0,34,0.12,9607.7,Mumbai-Marketing,Medium
303,304,52.0,110474.0,19.0,Sales,Delhi,3.38,38248.0,52,0.63,11047.4,Delhi-Sales,High
304,305,,,1.0,Finance,Mumbai,,40801.0,39,0.9,,Mumbai-Finance,
305,306,65.0,95993.0,38.0,HR,Ahmedabad,1.13,33751.0,39,0.62,9599.3,Ahmedabad-HR,Medium
306,307,33.0,95916.0,5.0,IT,Ahmedabad,3.63,21991.0,38,0.13,9591.6,Ahmedabad-IT,Medium
307,308,20.0,93319.0,16.0,Sales,Delhi,,41311.0,42,0.12,9331.9,Delhi-Sales,Medium
308,309,37.0,145885.0,24.0,HR,Mumbai,,9916.0,36,0.84,14588.5,Mumbai-HR,High
309,310,41.0,129777.0,27.0,HR,Ahmedabad,1.69,,34,0.14,12977.7,Ahmedabad-HR,High
310,311,50.0,37368.0,1.0,Sales,Ahmedabad,3.27,25855.0,55,0.52,3736.8,Ahmedabad-Sales,Low
311,312,41.0,35328.0,34.0,IT,Bangalore,2.19,15581.0,39,0.04,3532.8,Bangalore-IT,Low
312,313,69.0,76942.0,36.0,IT,Bangalore,4.75,1907.0,39,0.08,7694.2,Bangalore-IT,Medium
313,314,,111751.0,4.0,Marketing,Ahmedabad,4.27,,35,0.67,11175.1,Ahmedabad-Marketing,High
314,315,66.0,119131.0,,Finance,Delhi,,23308.0,56,0.69,11913.1,Delhi-Finance,High
315,316,25.0,47306.0,39.0,Sales,Pune,2.04,41984.0,57,0.34,4730.6,Pune-Sales,Low
316,317,53.0,105451.0,11.0,Sales,Pune,4.88,41505.0,48,0.22,10545.1,Pune-Sales,High
317,318,55.0,59915.0,35.0,Sales,Ahmedabad,2.72,46525.0,50,0.81,5991.5,Ahmedabad-Sales,Medium
318,319,57.0,57219.0,22.0,IT,Ahmedabad,,36942.0,37,0.22,5721.9,Ahmedabad-IT,Medium
319,320,37.0,100879.0,30.0,Finance,Ahmedabad,1.2,26957.0,30,0.54,10087.9,Ahmedabad-Finance,High
320,321,52.0,131939.0,10.0,Marketing,Delhi,1.21,25464.0,57,0.97,13193.9,Delhi-Marketing,High
321,322,65.0,84644.0,9.0,HR,Bangalore,3.77,48476.0,46,0.15,8464.4,Bangalore-HR,Medium
322,323,42.0,80279.0,2.0,HR,Ahmedabad,,23649.0,36,0.94,8027.9,Ahmedabad-HR,Medium
323,324,52.0,73028.0,13.0,Sales,Ahmedabad,1.91,42065.0,43,0.18,7302.8,Ahmedabad-Sales,Medium
324,325,42.0,124263.0,15.0,Finance,Mumbai,3.46,27125.0,50,0.57,12426.3,Mumbai-Finance,High
325,326,46.0,20126.0,9.0,IT,Delhi,2.01,34758.0,59,0.38,2012.6,Delhi-IT,Low
326,327,35.0,72329.0,28.0,Finance,Ahmedabad,3.31,5596.0,50,0.96,7232.9,Ahmedabad-Finance,Medium
327,328,63.0,47632.0,9.0,Finance,Mumbai,2.44,16374.0,46,0.27,4763.2,Mumbai-Finance,Low
328,329,35.0,127099.0,11.0,IT,Pune,4.29,,38,0.4,12709.9,Pune-IT,High
329,330,19.0,85310.0,29.0,Sales,Ahmedabad,4.28,27388.0,46,0.98,8531.0,Ahmedabad-Sales,Medium
330,331,52.0,129945.0,0.0,Finance,Ahmedabad,2.91,21029.0,34,0.54,12994.5,Ahmedabad-Finance,High
331,332,33.0,75176.0,4.0,HR,Mumbai,2.4,18445.0,55,0.5,7517.6,Mumbai-HR,Medium
332,333,58.0,139797.0,19.0,IT,Delhi,2.45,48474.0,54,0.26,13979.7,Delhi-IT,High
333,334,53.0,106066.0,7.0,Marketing,Ahmedabad,4.22,14645.0,59,0.7,10606.6,Ahmedabad-Marketing,High
334,335,50.0,,11.0,Sales,Pune,,,49,0.01,,Pune-Sales,
335,336,21.0,146413.0,0.0,IT,Ahmedabad,1.84,13668.0,58,0.05,14641.3,Ahmedabad-IT,High
336,337,50.0,64327.0,,Marketing,Pune,1.34,15960.0,37,0.6,6432.7,Pune-Marketing,Medium
337,338,31.0,88904.0,27.0,Marketing,Bangalore,2.87,,35,0.34,8890.4,Bangalore-Marketing,Medium
338,339,38.0,23797.0,36.0,Finance,Bangalore,2.93,37203.0,40,0.95,2379.7,Bangalore-Finance,Low
339,340,65.0,,36.0,Finance,Pune,4.36,,48,0.9,,Pune-Finance,
340,341,,33718.0,11.0,Finance,Delhi,1.88,14626.0,33,0.71,3371.8,Delhi-Finance,Low
341,342,25.0,54560.0,36.0,IT,Ahmedabad,2.52,28132.0,47,0.82,5456.0,Ahmedabad-IT,Medium
342,343,24.0,,27.0,IT,Ahmedabad,4.23,7951.0,30,0.67,,Ahmedabad-IT,
343,344,20.0,42116.0,14.0,Sales,Bangalore,4.29,6449.0,42,0.13,4211.6,Bangalore-Sales,Low
344,345,34.0,56244.0,5.0,Finance,Pune,,19065.0,43,0.77,5624.4,Pune-Finance,Medium
345,346,50.0,121721.0,19.0,Marketing,Ahmedabad,2.84,35967.0,53,0.21,12172.1,Ahmedabad-Marketing,High
346,347,,21645.0,13.0,HR,Ahmedabad,2.21,39536.0,30,0.32,2164.5,Ahmedabad-HR,Low
347,348,,67523.0,1.0,Sales,Delhi,4.73,9130.0,59,0.82,6752.3,Delhi-Sales,Medium
348,349,68.0,144085.0,8.0,IT,Mumbai,1.47,23824.0,58,0.54,14408.5,Mumbai-IT,High
349,350,39.0,137718.0,36.0,Sales,Bangalore,,41401.0,40,0.86,13771.8,Bangalore-Sales,High
350,351,39.0,39256.0,,Sales,Bangalore,,36993.0,46,0.21,3925.6,Bangalore-Sales,Low
351,352,63.0,,,Sales,Mumbai,3.13,31875.0,33,0.61,,Mumbai-Sales,
352,353,,120158.0,28.0,Sales,Ahmedabad,1.13,49748.0,55,0.08,12015.8,Ahmedabad-Sales,High
353,354,55.0,73173.0,0.0,HR,Delhi,2.9,6054.0,41,0.64,7317.3,Delhi-HR,Medium
354,355,55.0,57430.0,34.0,Finance,Delhi,2.63,34273.0,39,0.76,5743.0,Delhi-Finance,Medium
355,356,62.0,59282.0,5.0,Marketing,Bangalore,1.64,41821.0,35,0.58,5928.2,Bangalore-Marketing,Medium
356,357,68.0,139719.0,36.0,Sales,Delhi,3.63,48517.0,54,0.27,13971.9,Delhi-Sales,High
357,358,25.0,83374.0,,Sales,Mumbai,4.88,10832.0,30,0.03,8337.4,Mumbai-Sales,Medium
358,359,44.0,88244.0,32.0,Sales,Ahmedabad,3.25,29670.0,36,0.12,8824.4,Ahmedabad-Sales,Medium
359,360,44.0,31694.0,13.0,Finance,Mumbai,3.86,49112.0,55,0.62,3169.4,Mumbai-Finance,Low
360,361,51.0,76264.0,11.0,IT,Pune,1.27,22852.0,56,0.93,7626.4,Pune-IT,Medium
361,362,38.0,95060.0,19.0,IT,Bangalore,2.67,23620.0,50,0.21,9506.0,Bangalore-IT,Medium
362,363,47.0,,23.0,HR,Delhi,1.47,28307.0,57,0.74,,Delhi-HR,
363,364,50.0,77545.0,33.0,IT,Pune,,47551.0,45,0.87,7754.5,Pune-IT,Medium
364,365,45.0,138195.0,24.0,Sales,Delhi,4.75,1551.0,53,0.52,13819.5,Delhi-Sales,High
365,366,,,28.0,Sales,Ahmedabad,3.65,47922.0,43,0.67,,Ahmedabad-Sales,
366,367,50.0,122516.0,38.0,Sales,Ahmedabad,1.31,27812.0,52,0.82,12251.6,Ahmedabad-Sales,High
367,368,22.0,117945.0,30.0,HR,Ahmedabad,2.42,13799.0,49,0.26,11794.5,Ahmedabad-HR,High
368,369,65.0,33224.0,22.0,Sales,Delhi,3.2,26312.0,49,0.3,3322.4,Delhi-Sales,Low
369,370,36.0,60738.0,37.0,IT,Pune,,39620.0,35,0.0,6073.8,Pune-IT,Medium
370,371,21.0,45150.0,19.0,Finance,Ahmedabad,4.33,1449.0,51,0.96,4515.0,Ahmedabad-Finance,Low
371,372,52.0,83731.0,22.0,Finance,Pune,4.26,24426.0,54,0.92,8373.1,Pune-Finance,Medium
372,373,66.0,69688.0,15.0,Marketing,Delhi,3.45,35427.0,57,0.76,6968.8,Delhi-Marketing,Medium
373,374,34.0,119929.0,7.0,IT,Pune,2.49,40277.0,34,0.08,11992.9,Pune-IT,High
374,375,61.0,128618.0,20.0,Sales,Delhi,2.02,31551.0,53,0.45,12861.8,Delhi-Sales,High
375,376,45.0,,0.0,Finance,Delhi,1.42,24277.0,50,0.1,,Delhi-Finance,
376,377,47.0,28577.0,7.0,IT,Bangalore,,35489.0,47,0.02,2857.7,Bangalore-IT,Low
377,378,46.0,28070.0,28.0,Finance,Delhi,2.65,45212.0,44,0.62,2807.0,Delhi-Finance,Low
378,379,63.0,146161.0,31.0,Sales,Delhi,3.7,9637.0,35,0.96,14616.1,Delhi-Sales,High
379,380,23.0,28666.0,,Finance,Mumbai,3.63,43258.0,54,0.9,2866.6,Mumbai-Finance,Low
380,381,52.0,77761.0,4.0,Marketing,Ahmedabad,1.28,35693.0,58,0.7,7776.1,Ahmedabad-Marketing,Medium
381,382,58.0,141178.0,21.0,Marketing,Bangalore,2.58,9824.0,48,0.1,14117.8,Bangalore-Marketing,High
382,383,,56368.0,33.0,Finance,Bangalore,1.73,26950.0,30,0.27,5636.8,Bangalore-Finance,Medium
383,384,41.0,26783.0,,IT,Bangalore,1.63,,30,0.32,2678.3,Bangalore-IT,Low
384,385,46.0,,25.0,IT,Mumbai,4.31,39008.0,42,0.76,,Mumbai-IT,
385,386,66.0,61914.0,9.0,IT,Delhi,1.17,49664.0,32,0.8,6191.4,Delhi-IT,Medium
386,387,63.0,90507.0,29.0,Finance,Ahmedabad,2.68,215.0,39,0.39,9050.7,Ahmedabad-Finance,Medium
387,388,,147738.0,17.0,IT,Pune,,,50,0.42,14773.8,Pune-IT,High
388,389,52.0,99026.0,16.0,Sales,Delhi,4.52,11523.0,32,0.04,9902.6,Delhi-Sales,Medium
389,390,50.0,135893.0,25.0,Marketing,Mumbai,3.23,10364.0,38,0.29,13589.3,Mumbai-Marketing,High
390,391,69.0,131255.0,7.0,Sales,Delhi,1.93,3153.0,37,0.45,13125.5,Delhi-Sales,High
391,392,38.0,130616.0,,IT,Delhi,3.01,23834.0,32,0.12,13061.6,Delhi-IT,High
392,393,49.0,87526.0,11.0,Sales,Mumbai,3.93,34474.0,54,0.45,8752.6,Mumbai-Sales,Medium
393,394,40.0,90835.0,26.0,IT,Bangalore,4.83,43066.0,42,0.85,9083.5,Bangalore-IT,Medium
394,395,50.0,65765.0,7.0,Finance,Bangalore,1.88,,35,0.58,6576.5,Bangalore-Finance,Medium
395,396,20.0,39956.0,24.0,Sales,Ahmedabad,4.54,10400.0,42,0.08,3995.6,Ahmedabad-Sales,Low
396,397,,107895.0,,Finance,Ahmedabad,4.74,10345.0,52,0.19,10789.5,Ahmedabad-Finance,High
397,398,42.0,66240.0,32.0,Finance,Bangalore,4.67,33896.0,49,0.47,6624.0,Bangalore-Finance,Medium
398,399,,141008.0,0.0,HR,Pune,3.54,19894.0,49,0.36,14100.8,Pune-HR,High
399,400,48.0,57148.0,18.0,IT,Delhi,3.52,28899.0,41,0.36,5714.8,Delhi-IT,Medium
400,401,20.0,114270.0,30.0,Marketing,Pune,,40635.0,42,0.53,11427.0,Pune-Marketing,High
401,402,57.0,147978.0,15.0,IT,Delhi,4.01,28229.0,31,0.58,14797.8,Delhi-IT,High
402,403,,24757.0,13.0,Marketing,Bangalore,3.13,5583.0,50,0.8,2475.7,Bangalore-Marketing,Low
403,404,41.0,39097.0,,IT,Ahmedabad,3.71,4897.0,53,0.34,3909.7,Ahmedabad-IT,Low
404,405,67.0,,25.0,Finance,Ahmedabad,2.71,6001.0,52,0.81,,Ahmedabad-Finance,
405,406,,36241.0,27.0,Sales,Pune,,43881.0,45,0.34,3624.1,Pune-Sales,Low
406,407,64.0,123892.0,1.0,Sales,Ahmedabad,4.3,4567.0,52,0.06,12389.2,Ahmedabad-Sales,High
407,408,39.0,47696.0,5.0,HR,Bangalore,1.59,9271.0,35,0.55,4769.6,Bangalore-HR,Low
408,409,40.0,135654.0,8.0,Marketing,Pune,4.33,47116.0,48,0.59,13565.4,Pune-Marketing,High
409,410,19.0,90480.0,32.0,Marketing,Delhi,3.16,11703.0,50,0.93,9048.0,Delhi-Marketing,Medium
410,411,44.0,66163.0,24.0,Marketing,Ahmedabad,,13329.0,42,0.73,6616.3,Ahmedabad-Marketing,Medium
411,412,59.0,39816.0,12.0,Finance,Mumbai,2.73,35509.0,46,0.92,3981.6,Mumbai-Finance,Low
412,413,19.0,69840.0,8.0,Marketing,Ahmedabad,,6256.0,52,0.91,6984.0,Ahmedabad-Marketing,Medium
413,414,43.0,122547.0,12.0,Sales,Delhi,4.66,228.0,38,0.6,12254.7,Delhi-Sales,High
414,415,34.0,72853.0,30.0,Finance,Pune,2.0,24746.0,46,0.53,7285.3,Pune-Finance,Medium
415,416,57.0,44917.0,10.0,IT,Delhi,4.38,16678.0,58,0.56,4491.7,Delhi-IT,Low
416,417,50.0,116731.0,3.0,Marketing,Mumbai,2.94,37052.0,31,0.98,11673.1,Mumbai-Marketing,High
417,418,26.0,41566.0,33.0,Marketing,Bangalore,,46032.0,48,0.77,4156.6,Bangalore-Marketing,Low
418,419,60.0,,37.0,IT,Ahmedabad,2.23,46158.0,48,0.11,,Ahmedabad-IT,
419,420,65.0,82823.0,3.0,Marketing,Pune,3.29,23185.0,53,0.78,8282.3,Pune-Marketing,Medium
420,421,56.0,141392.0,37.0,IT,Bangalore,2.3,33686.0,36,0.17,14139.2,Bangalore-IT,High
421,422,46.0,40806.0,,Finance,Delhi,1.16,11445.0,51,0.45,4080.6,Delhi-Finance,Low
422,423,59.0,95520.0,5.0,Sales,Pune,2.09,33266.0,39,0.21,9552.0,Pune-Sales,Medium
423,424,43.0,21759.0,33.0,IT,Bangalore,1.03,2809.0,39,0.69,2175.9,Bangalore-IT,Low
424,425,52.0,146092.0,17.0,HR,Pune,,37729.0,56,0.88,14609.2,Pune-HR,High
425,426,67.0,61949.0,,IT,Mumbai,4.86,41785.0,49,0.29,6194.9,Mumbai-IT,Medium
426,427,42.0,112374.0,22.0,Marketing,Mumbai,2.58,36547.0,38,0.08,11237.4,Mumbai-Marketing,High
427,428,41.0,22482.0,,Finance,Ahmedabad,3.91,42818.0,46,0.3,2248.2,Ahmedabad-Finance,Low
428,429,30.0,44442.0,10.0,Finance,Ahmedabad,2.38,34886.0,56,0.67,4444.2,Ahmedabad-Finance,Low
429,430,,53719.0,0.0,IT,Mumbai,3.68,6391.0,44,0.33,5371.9,Mumbai-IT,Medium
430,431,53.0,78066.0,23.0,Sales,Pune,4.22,145.0,31,0.28,7806.6,Pune-Sales,Medium
431,432,62.0,,6.0,HR,Mumbai,4.79,13929.0,59,0.18,,Mumbai-HR,
432,433,,22079.0,24.0,Finance,Ahmedabad,2.6,24326.0,33,0.5,2207.9,Ahmedabad-Finance,Low
433,434,18.0,22717.0,20.0,Marketing,Mumbai,4.13,29991.0,48,0.28,2271.7,Mumbai-Marketing,Low
434,435,25.0,79676.0,14.0,Marketing,Mumbai,2.06,47685.0,46,0.73,7967.6,Mumbai-Marketing,Medium
435,436,63.0,47952.0,0.0,Sales,Pune,4.96,,34,0.08,4795.2,Pune-Sales,Low
436,437,33.0,106444.0,11.0,Finance,Bangalore,1.1,16576.0,36,0.66,10644.4,Bangalore-Finance,High
437,438,31.0,62460.0,6.0,IT,Ahmedabad,3.41,,47,0.24,6246.0,Ahmedabad-IT,Medium
438,439,29.0,110397.0,14.0,Marketing,Pune,3.64,28464.0,50,0.49,11039.7,Pune-Marketing,High
439,440,68.0,92847.0,20.0,Sales,Mumbai,3.75,8243.0,51,0.29,9284.7,Mumbai-Sales,Medium
440,441,40.0,113607.0,18.0,Finance,Mumbai,,31601.0,56,0.72,11360.7,Mumbai-Finance,High
441,442,32.0,109106.0,28.0,Finance,Bangalore,4.75,2410.0,36,0.95,10910.6,Bangalore-Finance,High
442,443,45.0,38449.0,24.0,Finance,Ahmedabad,,1820.0,46,0.92,3844.9,Ahmedabad-Finance,Low
443,444,51.0,53536.0,,Finance,Ahmedabad,3.49,35289.0,36,0.58,5353.6,Ahmedabad-Finance,Medium
444,445,19.0,84077.0,,Finance,Delhi,1.89,38650.0,33,0.46,8407.7,Delhi-Finance,Medium
445,446,49.0,58258.0,34.0,Marketing,Ahmedabad,2.23,34635.0,37,0.82,5825.8,Ahmedabad-Marketing,Medium
446,447,40.0,68302.0,37.0,Sales,Bangalore,3.19,7465.0,42,0.68,6830.2,Bangalore-Sales,Medium
447,448,,145937.0,25.0,Finance,Delhi,2.67,32439.0,33,0.18,14593.7,Delhi-Finance,High
448,449,68.0,48865.0,,HR,Delhi,1.64,27314.0,35,0.82,4886.5,Delhi-HR,Low
449,450,42.0,26645.0,34.0,HR,Mumbai,1.68,,54,0.43,2664.5,Mumbai-HR,Low
450,451,39.0,139771.0,7.0,Sales,Mumbai,2.67,19583.0,34,0.19,13977.1,Mumbai-Sales,High
451,452,39.0,58000.0,13.0,IT,Ahmedabad,4.03,27155.0,59,0.28,5800.0,Ahmedabad-IT,Medium
452,453,66.0,46737.0,9.0,IT,Delhi,4.59,,41,0.27,4673.7,Delhi-IT,Low
453,454,69.0,31485.0,1.0,IT,Mumbai,1.34,12197.0,33,0.52,3148.5,Mumbai-IT,Low
454,455,59.0,58565.0,8.0,HR,Bangalore,2.57,,53,0.23,5856.5,Bangalore-HR,Medium
455,456,23.0,45522.0,2.0,IT,Mumbai,1.4,15424.0,58,0.12,4552.2,Mumbai-IT,Low
456,457,32.0,139614.0,,Marketing,Mumbai,1.07,,38,0.12,13961.4,Mumbai-Marketing,High
457,458,60.0,85155.0,25.0,Finance,Delhi,3.65,240.0,33,0.58,8515.5,Delhi-Finance,Medium
458,459,54.0,75168.0,7.0,HR,Delhi,,4631.0,48,0.73,7516.8,Delhi-HR,Medium
459,460,50.0,72487.0,1.0,Sales,Pune,1.65,9599.0,53,0.32,7248.7,Pune-Sales,Medium
460,461,25.0,149948.0,5.0,Sales,Bangalore,,44462.0,43,0.03,14994.8,Bangalore-Sales,High
461,462,61.0,32342.0,27.0,Finance,Delhi,1.09,24658.0,34,0.13,3234.2,Delhi-Finance,Low
462,463,61.0,60806.0,28.0,HR,Ahmedabad,,37845.0,47,0.91,6080.6,Ahmedabad-HR,Medium
463,464,22.0,68770.0,25.0,IT,Bangalore,4.9,32574.0,39,0.49,6877.0,Bangalore-IT,Medium
464,465,56.0,98623.0,24.0,IT,Bangalore,1.54,36536.0,54,0.45,9862.3,Bangalore-IT,Medium
465,466,,123177.0,11.0,Marketing,Delhi,1.93,41910.0,48,0.04,12317.7,Delhi-Marketing,High
466,467,23.0,119785.0,4.0,Marketing,Bangalore,4.47,7995.0,41,0.73,11978.5,Bangalore-Marketing,High
467,468,62.0,95629.0,33.0,IT,Delhi,4.71,25186.0,47,0.53,9562.9,Delhi-IT,Medium
468,469,49.0,140993.0,36.0,Sales,Mumbai,2.68,29245.0,46,0.2,14099.3,Mumbai-Sales,High
469,470,69.0,72603.0,14.0,Sales,Pune,1.2,22813.0,59,0.11,7260.3,Pune-Sales,Medium
470,471,47.0,146944.0,35.0,Marketing,Mumbai,1.16,13276.0,53,0.38,14694.4,Mumbai-Marketing,High
471,472,64.0,132726.0,14.0,Finance,Delhi,3.3,19989.0,40,0.84,13272.6,Delhi-Finance,High
472,473,52.0,101974.0,22.0,IT,Delhi,2.57,,32,0.87,10197.4,Delhi-IT,High
473,474,57.0,125947.0,5.0,Marketing,Mumbai,1.11,44243.0,52,0.6,12594.7,Mumbai-Marketing,High
474,475,69.0,46399.0,20.0,Marketing,Ahmedabad,3.33,18557.0,46,0.73,4639.9,Ahmedabad-Marketing,Low
475,476,33.0,148177.0,22.0,IT,Ahmedabad,1.05,28060.0,30,0.12,14817.7,Ahmedabad-IT,High
476,477,30.0,,15.0,IT,Ahmedabad,4.15,6568.0,44,0.59,,Ahmedabad-IT,
477,478,67.0,101244.0,14.0,Sales,Delhi,,35369.0,57,0.67,10124.4,Delhi-Sales,High
478,479,59.0,129575.0,,Finance,Bangalore,1.16,19041.0,38,0.2,12957.5,Bangalore-Finance,High
479,480,47.0,135520.0,35.0,Finance,Delhi,3.35,6080.0,44,0.88,13552.0,Delhi-Finance,High
480,481,36.0,130904.0,10.0,IT,Bangalore,2.59,13854.0,57,0.19,13090.4,Bangalore-IT,High
481,482,34.0,96534.0,14.0,HR,Mumbai,4.9,2159.0,53,0.31,9653.4,Mumbai-HR,Medium
482,483,36.0,75106.0,3.0,Marketing,Pune,3.18,27025.0,57,0.62,7510.6,Pune-Marketing,Medium
483,484,45.0,132599.0,20.0,Marketing,Bangalore,,41081.0,58,0.64,13259.9,Bangalore-Marketing,High
484,485,43.0,50678.0,12.0,IT,Ahmedabad,3.84,,32,0.7,5067.8,Ahmedabad-IT,Medium
485,486,,96218.0,21.0,HR,Delhi,2.09,34085.0,51,0.11,9621.8,Delhi-HR,Medium
486,487,43.0,83230.0,18.0,Sales,Mumbai,4.62,27094.0,56,0.85,8323.0,Mumbai-Sales,Medium
487,488,,134684.0,33.0,IT,Ahmedabad,2.5,46040.0,48,0.53,13468.4,Ahmedabad-IT,High
488,489,26.0,94055.0,13.0,IT,Mumbai,3.2,1230.0,42,0.47,9405.5,Mumbai-IT,Medium
489,490,29.0,76373.0,3.0,Marketing,Pune,1.2,17517.0,41,0.98,7637.3,Pune-Marketing,Medium
490,491,18.0,51480.0,26.0,IT,Delhi,2.7,23991.0,49,0.74,5148.0,Delhi-IT,Medium
491,492,18.0,105230.0,28.0,IT,Delhi,4.33,1301.0,30,0.12,10523.0,Delhi-IT,High
492,493,,88836.0,27.0,IT,Pune,4.22,28610.0,50,0.76,8883.6,Pune-IT,Medium
493,494,,92258.0,34.0,Marketing,Delhi,1.9,15927.0,46,0.1,9225.8,Delhi-Marketing,Medium
494,495,49.0,59986.0,7.0,Sales,Bangalore,1.9,34678.0,42,0.03,5998.6,Bangalore-Sales,Medium
495,496,65.0,44160.0,15.0,Sales,Mumbai,4.27,24466.0,30,0.4,4416.0,Mumbai-Sales,Low
496,497,42.0,105595.0,35.0,IT,Ahmedabad,4.72,14904.0,39,0.99,10559.5,Ahmedabad-IT,High
497,498,57.0,121358.0,29.0,Marketing,Pune,1.38,,44,0.17,12135.8,Pune-Marketing,High
498,499,62.0,99111.0,17.0,Sales,Bangalore,,26081.0,56,0.67,9911.1,Bangalore-Sales,Medium
499,500,,84929.0,1.0,Sales,Ahmedabad,2.35,,56,0.17,8492.9,Ahmedabad-Sales,Medium
500,501,33.0,93506.0,12.0,Sales,Ahmedabad,4.48,27761.0,59,0.72,9350.6,Ahmedabad-Sales,Medium
501,502,56.0,54911.0,3.0,Marketing,Pune,1.33,18300.0,36,0.51,5491.1,Pune-Marketing,Medium
502,503,22.0,107127.0,25.0,Marketing,Bangalore,1.84,29491.0,57,0.68,10712.7,Bangalore-Marketing,High
503,504,39.0,51821.0,24.0,IT,Ahmedabad,4.01,35525.0,51,0.2,5182.1,Ahmedabad-IT,Medium
504,505,46.0,95039.0,29.0,Finance,Ahmedabad,1.21,26532.0,47,0.75,9503.9,Ahmedabad-Finance,Medium
505,506,20.0,80535.0,10.0,Sales,Bangalore,2.97,6464.0,45,1.0,8053.5,Bangalore-Sales,Medium
506,507,,133453.0,6.0,Finance,Delhi,2.77,,43,0.67,13345.3,Delhi-Finance,High
507,508,43.0,104458.0,30.0,Marketing,Ahmedabad,2.34,41856.0,56,0.49,10445.8,Ahmedabad-Marketing,High
508,509,33.0,32175.0,9.0,Marketing,Mumbai,2.58,47892.0,57,0.92,3217.5,Mumbai-Marketing,Low
509,510,68.0,139235.0,38.0,Marketing,Bangalore,3.12,47028.0,47,0.02,13923.5,Bangalore-Marketing,High
510,511,54.0,74771.0,12.0,Finance,Ahmedabad,1.65,42511.0,56,0.73,7477.1,Ahmedabad-Finance,Medium
511,512,39.0,126660.0,30.0,Marketing,Pune,3.29,8683.0,36,0.89,12666.0,Pune-Marketing,High
512,513,46.0,147157.0,6.0,IT,Mumbai,,32634.0,46,0.06,14715.7,Mumbai-IT,High
513,514,31.0,141300.0,,Marketing,Ahmedabad,4.04,60.0,58,0.45,14130.0,Ahmedabad-Marketing,High
514,515,,106925.0,19.0,HR,Mumbai,1.62,9269.0,47,0.2,10692.5,Mumbai-HR,High
515,516,22.0,,3.0,Finance,Mumbai,1.6,23065.0,41,0.57,,Mumbai-Finance,
516,517,64.0,86358.0,6.0,HR,Delhi,2.07,2895.0,37,0.65,8635.8,Delhi-HR,Medium
517,518,66.0,37327.0,0.0,Marketing,Mumbai,2.44,15323.0,51,0.3,3732.7,Mumbai-Marketing,Low
518,519,47.0,67057.0,,IT,Delhi,2.63,12352.0,59,0.46,6705.7,Delhi-IT,Medium
519,520,63.0,26150.0,21.0,Sales,Bangalore,3.72,44643.0,31,0.28,2615.0,Bangalore-Sales,Low
520,521,69.0,24425.0,20.0,Marketing,Delhi,1.23,49737.0,36,0.37,2442.5,Delhi-Marketing,Low
521,522,22.0,143654.0,21.0,IT,Pune,1.14,38591.0,33,0.16,14365.4,Pune-IT,High
522,523,29.0,36032.0,27.0,Finance,Ahmedabad,2.57,30890.0,47,0.89,3603.2,Ahmedabad-Finance,Low
523,524,,,8.0,HR,Bangalore,,32016.0,57,0.01,,Bangalore-HR,
524,525,43.0,80500.0,25.0,HR,Bangalore,1.77,11962.0,35,0.88,8050.0,Bangalore-HR,Medium
525,526,,73394.0,8.0,HR,Pune,3.57,33302.0,56,0.57,7339.4,Pune-HR,Medium
526,527,65.0,,14.0,Finance,Delhi,2.04,19846.0,38,0.33,,Delhi-Finance,
527,528,38.0,56220.0,9.0,IT,Ahmedabad,4.54,4011.0,56,0.72,5622.0,Ahmedabad-IT,Medium
528,529,56.0,61874.0,23.0,Finance,Delhi,4.58,19782.0,38,0.51,6187.4,Delhi-Finance,Medium
529,530,,33859.0,7.0,HR,Mumbai,2.19,2155.0,43,0.5,3385.9,Mumbai-HR,Low
530,531,50.0,70460.0,23.0,Marketing,Delhi,1.92,39725.0,37,0.11,7046.0,Delhi-Marketing,Medium
531,532,47.0,51419.0,15.0,Sales,Bangalore,2.65,9196.0,48,0.39,5141.9,Bangalore-Sales,Medium
532,533,54.0,138865.0,25.0,Finance,Ahmedabad,1.96,43459.0,32,0.24,13886.5,Ahmedabad-Finance,High
533,534,40.0,28705.0,26.0,Finance,Delhi,3.69,,47,0.02,2870.5,Delhi-Finance,Low
534,535,27.0,62880.0,,IT,Ahmedabad,4.3,13327.0,34,0.36,6288.0,Ahmedabad-IT,Medium
535,536,,149838.0,,IT,Ahmedabad,3.69,35474.0,43,0.09,14983.8,Ahmedabad-IT,High
536,537,53.0,43236.0,23.0,Finance,Mumbai,4.3,32769.0,57,0.26,4323.6,Mumbai-Finance,Low
537,538,51.0,107955.0,18.0,HR,Mumbai,2.59,41993.0,59,0.09,10795.5,Mumbai-HR,High
538,539,69.0,,35.0,Sales,Bangalore,1.63,24700.0,33,0.1,,Bangalore-Sales,
539,540,48.0,,38.0,IT,Pune,3.95,14820.0,36,0.2,,Pune-IT,
540,541,27.0,35358.0,9.0,HR,Ahmedabad,2.44,10891.0,49,1.0,3535.8,Ahmedabad-HR,Low
541,542,36.0,119713.0,24.0,Marketing,Pune,3.69,34629.0,54,0.0,11971.3,Pune-Marketing,High
542,543,49.0,114914.0,,IT,Bangalore,2.08,5269.0,57,0.64,11491.4,Bangalore-IT,High
543,544,18.0,122870.0,18.0,HR,Ahmedabad,1.32,43880.0,41,0.14,12287.0,Ahmedabad-HR,High
544,545,22.0,96918.0,35.0,HR,Ahmedabad,4.97,48467.0,31,0.92,9691.8,Ahmedabad-HR,Medium
545,546,62.0,139179.0,9.0,Sales,Pune,1.62,8320.0,40,0.09,13917.9,Pune-Sales,High
546,547,21.0,136243.0,32.0,Sales,Delhi,4.95,49589.0,43,0.96,13624.3,Delhi-Sales,High
547,548,33.0,34596.0,,Marketing,Mumbai,4.91,10740.0,51,0.61,3459.6,Mumbai-Marketing,Low
548,549,41.0,53572.0,,HR,Delhi,4.18,35897.0,52,0.0,5357.2,Delhi-HR,Medium
549,550,33.0,98757.0,33.0,HR,Pune,3.64,30930.0,45,0.89,9875.7,Pune-HR,Medium
550,551,19.0,21279.0,32.0,Sales,Mumbai,3.31,17285.0,49,0.52,2127.9,Mumbai-Sales,Low
551,552,66.0,83197.0,20.0,IT,Delhi,4.46,14380.0,58,0.26,8319.7,Delhi-IT,Medium
552,553,45.0,131496.0,16.0,IT,Mumbai,2.16,11360.0,35,0.77,13149.6,Mumbai-IT,High
553,554,49.0,,21.0,Finance,Ahmedabad,2.87,5398.0,52,0.93,,Ahmedabad-Finance,
554,555,44.0,27083.0,36.0,Sales,Delhi,3.48,,33,0.48,2708.3,Delhi-Sales,Low
555,556,,140674.0,14.0,Finance,Mumbai,2.64,29062.0,44,0.32,14067.4,Mumbai-Finance,High
556,557,41.0,140307.0,34.0,Sales,Mumbai,2.71,36686.0,53,0.79,14030.7,Mumbai-Sales,High
557,558,29.0,146457.0,27.0,Marketing,Mumbai,2.32,17451.0,54,0.68,14645.7,Mumbai-Marketing,High
558,559,67.0,,6.0,HR,Delhi,3.26,49178.0,30,0.89,,Delhi-HR,
559,560,52.0,37771.0,31.0,Marketing,Bangalore,4.4,6937.0,36,0.69,3777.1,Bangalore-Marketing,Low
560,561,50.0,49975.0,10.0,Sales,Delhi,1.81,,54,0.24,4997.5,Delhi-Sales,Low
561,562,,65648.0,9.0,HR,Pune,4.74,49699.0,41,0.93,6564.8,Pune-HR,Medium
562,563,68.0,145641.0,8.0,IT,Delhi,3.76,10860.0,39,0.1,14564.1,Delhi-IT,High
563,564,60.0,68285.0,13.0,IT,Mumbai,4.29,25142.0,34,0.27,6828.5,Mumbai-IT,Medium
564,565,54.0,,12.0,Finance,Ahmedabad,3.22,25279.0,41,0.52,,Ahmedabad-Finance,
565,566,29.0,87642.0,24.0,Sales,Delhi,4.12,38106.0,47,0.57,8764.2,Delhi-Sales,Medium
566,567,,110093.0,1.0,Sales,Delhi,1.06,45240.0,39,0.02,11009.3,Delhi-Sales,High
567,568,18.0,,34.0,IT,Mumbai,4.27,35908.0,35,0.78,,Mumbai-IT,
568,569,50.0,106143.0,6.0,Marketing,Ahmedabad,1.16,40764.0,57,0.36,10614.3,Ahmedabad-Marketing,High
569,570,57.0,57599.0,20.0,HR,Ahmedabad,4.56,48257.0,41,0.41,5759.9,Ahmedabad-HR,Medium
570,571,27.0,71920.0,17.0,Marketing,Pune,4.97,14201.0,36,0.81,7192.0,Pune-Marketing,Medium
571,572,60.0,48529.0,2.0,Marketing,Delhi,2.18,40544.0,47,0.38,4852.9,Delhi-Marketing,Low
572,573,61.0,55954.0,38.0,IT,Ahmedabad,1.84,37711.0,31,0.05,5595.4,Ahmedabad-IT,Medium
573,574,46.0,47856.0,10.0,IT,Ahmedabad,4.06,45654.0,39,0.18,4785.6,Ahmedabad-IT,Low
574,575,30.0,22573.0,38.0,IT,Bangalore,2.01,8997.0,44,0.96,2257.3,Bangalore-IT,Low
575,576,,98344.0,23.0,Finance,Bangalore,4.46,40566.0,59,0.07,9834.4,Bangalore-Finance,Medium
576,577,48.0,,18.0,Marketing,Ahmedabad,1.41,20175.0,41,0.35,,Ahmedabad-Marketing,
577,578,63.0,122337.0,3.0,Sales,Pune,1.5,,55,0.5,12233.7,Pune-Sales,High
578,579,19.0,126732.0,25.0,HR,Ahmedabad,4.92,3225.0,46,0.49,12673.2,Ahmedabad-HR,High
579,580,68.0,119608.0,37.0,Finance,Mumbai,3.7,44578.0,33,0.0,11960.8,Mumbai-Finance,High
580,581,67.0,80774.0,31.0,Sales,Delhi,4.39,47682.0,36,0.5,8077.4,Delhi-Sales,Medium
581,582,52.0,43752.0,38.0,Marketing,Pune,2.3,35228.0,59,0.38,4375.2,Pune-Marketing,Low
582,583,40.0,75029.0,35.0,IT,Mumbai,,41505.0,38,0.97,7502.9,Mumbai-IT,Medium
583,584,34.0,,39.0,Marketing,Pune,3.38,46688.0,48,0.16,,Pune-Marketing,
584,585,43.0,71693.0,36.0,HR,Mumbai,3.41,23110.0,57,0.35,7169.3,Mumbai-HR,Medium
585,586,25.0,136739.0,32.0,Finance,Delhi,3.73,10754.0,56,0.42,13673.9,Delhi-Finance,High
586,587,46.0,75961.0,35.0,Finance,Delhi,3.3,26655.0,52,0.39,7596.1,Delhi-Finance,Medium
587,588,43.0,126937.0,2.0,HR,Bangalore,2.72,43601.0,36,0.67,12693.7,Bangalore-HR,High
588,589,27.0,144956.0,8.0,Sales,Mumbai,2.1,3114.0,52,0.22,14495.6,Mumbai-Sales,High
589,590,43.0,96908.0,7.0,Sales,Bangalore,4.07,26502.0,31,0.22,9690.8,Bangalore-Sales,Medium
590,591,51.0,145537.0,,Finance,Mumbai,1.91,49768.0,35,0.73,14553.7,Mumbai-Finance,High
591,592,68.0,146678.0,5.0,Finance,Bangalore,3.77,48128.0,47,0.5,14667.8,Bangalore-Finance,High
592,593,58.0,94532.0,38.0,IT,Delhi,1.93,20028.0,35,0.42,9453.2,Delhi-IT,Medium
593,594,24.0,101994.0,3.0,Sales,Pune,3.5,17587.0,42,0.17,10199.4,Pune-Sales,High
594,595,21.0,,12.0,HR,Bangalore,3.99,42719.0,55,0.19,,Bangalore-HR,
595,596,67.0,117425.0,1.0,Sales,Mumbai,1.87,35333.0,48,0.01,11742.5,Mumbai-Sales,High
596,597,62.0,145055.0,4.0,IT,Mumbai,1.24,3174.0,59,0.09,14505.5,Mumbai-IT,High
597,598,28.0,81268.0,,Finance,Delhi,1.52,35398.0,31,0.56,8126.8,Delhi-Finance,Medium
598,599,46.0,112201.0,31.0,Finance,Mumbai,3.42,35929.0,41,0.89,11220.1,Mumbai-Finance,High
599,600,53.0,58243.0,20.0,IT,Ahmedabad,4.4,4321.0,44,0.29,5824.3,Ahmedabad-IT,Medium
600,601,42.0,77384.0,7.0,HR,Pune,1.18,30435.0,43,0.33,7738.4,Pune-HR,Medium
601,602,38.0,,37.0,Finance,Bangalore,3.94,45972.0,35,0.12,,Bangalore-Finance,
602,603,53.0,46657.0,7.0,Marketing,Pune,2.37,7099.0,47,0.39,4665.7,Pune-Marketing,Low
603,604,27.0,59952.0,2.0,Finance,Delhi,2.91,23760.0,34,0.04,5995.2,Delhi-Finance,Medium
604,605,54.0,42180.0,2.0,Marketing,Bangalore,4.72,11360.0,47,0.92,4218.0,Bangalore-Marketing,Low
605,606,26.0,117432.0,21.0,IT,Bangalore,2.33,10313.0,32,0.67,11743.2,Bangalore-IT,High
606,607,41.0,141829.0,5.0,IT,Ahmedabad,2.86,46270.0,32,0.99,14182.9,Ahmedabad-IT,High
607,608,52.0,148377.0,1.0,Finance,Delhi,,20462.0,51,0.88,14837.7,Delhi-Finance,High
608,609,66.0,98411.0,22.0,Sales,Mumbai,1.33,,51,0.47,9841.1,Mumbai-Sales,Medium
609,610,,21622.0,,Marketing,Ahmedabad,2.03,14130.0,39,0.52,2162.2,Ahmedabad-Marketing,Low
610,611,65.0,68756.0,37.0,HR,Ahmedabad,1.11,14271.0,48,0.19,6875.6,Ahmedabad-HR,Medium
611,612,53.0,,16.0,Finance,Pune,3.53,16075.0,32,0.46,,Pune-Finance,
612,613,35.0,36725.0,34.0,HR,Pune,2.71,,58,0.9,3672.5,Pune-HR,Low
613,614,,81396.0,33.0,Finance,Pune,3.19,41679.0,41,0.05,8139.6,Pune-Finance,Medium
614,615,56.0,71226.0,22.0,Sales,Ahmedabad,,18984.0,58,0.86,7122.6,Ahmedabad-Sales,Medium
615,616,49.0,126296.0,29.0,Sales,Mumbai,2.18,22559.0,45,0.34,12629.6,Mumbai-Sales,High
616,617,41.0,101182.0,7.0,Sales,Bangalore,3.66,,46,0.9,10118.2,Bangalore-Sales,High
617,618,40.0,102565.0,21.0,Sales,Pune,4.86,33434.0,36,0.94,10256.5,Pune-Sales,High
618,619,49.0,49402.0,35.0,IT,Mumbai,1.2,16667.0,42,0.67,4940.2,Mumbai-IT,Low
619,620,54.0,24263.0,4.0,IT,Delhi,4.56,5840.0,53,0.66,2426.3,Delhi-IT,Low
620,621,29.0,143489.0,12.0,Marketing,Pune,3.31,3565.0,31,0.45,14348.9,Pune-Marketing,High
621,622,66.0,116523.0,28.0,HR,Bangalore,3.26,43194.0,33,0.84,11652.3,Bangalore-HR,High
622,623,30.0,66828.0,30.0,Finance,Delhi,3.0,20977.0,39,0.96,6682.8,Delhi-Finance,Medium
623,624,40.0,140824.0,15.0,Finance,Delhi,1.28,21118.0,36,0.78,14082.4,Delhi-Finance,High
624,625,,67924.0,29.0,IT,Bangalore,1.36,22641.0,53,0.62,6792.4,Bangalore-IT,Medium
625,626,52.0,94182.0,15.0,Finance,Pune,3.4,7366.0,46,0.61,9418.2,Pune-Finance,Medium
626,627,58.0,113065.0,11.0,IT,Ahmedabad,2.36,,49,0.85,11306.5,Ahmedabad-IT,High
627,628,47.0,79052.0,16.0,Marketing,Bangalore,4.67,15630.0,35,0.54,7905.2,Bangalore-Marketing,Medium
628,629,34.0,31664.0,15.0,HR,Bangalore,2.63,20056.0,48,0.8,3166.4,Bangalore-HR,Low
629,630,66.0,55737.0,11.0,Marketing,Bangalore,1.57,7382.0,34,0.51,5573.7,Bangalore-Marketing,Medium
630,631,37.0,,7.0,Sales,Delhi,,,39,0.06,,Delhi-Sales,
631,632,,109563.0,19.0,Sales,Mumbai,2.17,48639.0,38,0.38,10956.3,Mumbai-Sales,High
632,633,42.0,49373.0,2.0,Sales,Ahmedabad,3.1,,56,0.44,4937.3,Ahmedabad-Sales,Low
633,634,39.0,137369.0,15.0,Marketing,Pune,3.79,992.0,42,0.14,13736.9,Pune-Marketing,High
634,635,30.0,56397.0,29.0,Finance,Pune,4.6,6858.0,48,0.1,5639.7,Pune-Finance,Medium
635,636,36.0,148575.0,22.0,HR,Mumbai,4.17,2121.0,50,0.54,14857.5,Mumbai-HR,High
636,637,66.0,106145.0,27.0,Sales,Bangalore,3.71,27160.0,53,0.09,10614.5,Bangalore-Sales,High
637,638,53.0,121371.0,39.0,Sales,Ahmedabad,,45156.0,35,0.3,12137.1,Ahmedabad-Sales,High
638,639,29.0,58709.0,4.0,Sales,Pune,4.78,20906.0,33,0.74,5870.9,Pune-Sales,Medium
639,640,58.0,136074.0,19.0,HR,Pune,2.18,19572.0,53,0.96,13607.4,Pune-HR,High
640,641,36.0,81120.0,39.0,Sales,Bangalore,1.0,4136.0,56,0.72,8112.0,Bangalore-Sales,Medium
641,642,29.0,39250.0,0.0,HR,Mumbai,2.09,16727.0,32,0.99,3925.0,Mumbai-HR,Low
642,643,26.0,41172.0,29.0,Sales,Ahmedabad,1.87,32167.0,32,0.7,4117.2,Ahmedabad-Sales,Low
643,644,24.0,31555.0,20.0,Marketing,Mumbai,3.65,45421.0,33,0.29,3155.5,Mumbai-Marketing,Low
644,645,45.0,107410.0,19.0,Marketing,Mumbai,3.53,15479.0,54,0.67,10741.0,Mumbai-Marketing,High
645,646,31.0,98617.0,5.0,HR,Ahmedabad,3.37,31376.0,34,0.7,9861.7,Ahmedabad-HR,Medium
646,647,,73276.0,21.0,Marketing,Ahmedabad,1.06,4823.0,37,0.37,7327.6,Ahmedabad-Marketing,Medium
647,648,69.0,77492.0,17.0,HR,Pune,3.92,4920.0,45,0.02,7749.2,Pune-HR,Medium
648,649,36.0,73002.0,7.0,Marketing,Pune,2.29,19585.0,51,0.7,7300.2,Pune-Marketing,Medium
649,650,,140103.0,38.0,Marketing,Ahmedabad,3.66,38239.0,32,0.02,14010.3,Ahmedabad-Marketing,High
650,651,33.0,144938.0,31.0,HR,Delhi,3.23,17272.0,53,0.63,14493.8,Delhi-HR,High
651,652,22.0,,32.0,Finance,Pune,2.37,26619.0,41,0.16,,Pune-Finance,
652,653,52.0,92355.0,15.0,Marketing,Delhi,1.54,9533.0,54,0.57,9235.5,Delhi-Marketing,Medium
653,654,29.0,,,Sales,Ahmedabad,1.38,39895.0,37,0.5,,Ahmedabad-Sales,
654,655,,44762.0,37.0,Finance,Pune,4.33,3720.0,42,0.01,4476.2,Pune-Finance,Low
655,656,69.0,31046.0,33.0,HR,Mumbai,4.67,,33,0.36,3104.6,Mumbai-HR,Low
656,657,38.0,116999.0,13.0,Finance,Ahmedabad,3.6,15696.0,43,0.6,11699.9,Ahmedabad-Finance,High
657,658,,144130.0,35.0,IT,Bangalore,1.41,,43,0.85,14413.0,Bangalore-IT,High
658,659,40.0,136021.0,,IT,Delhi,2.61,23345.0,42,0.89,13602.1,Delhi-IT,High
659,660,33.0,48769.0,22.0,Marketing,Ahmedabad,3.92,,56,0.48,4876.9,Ahmedabad-Marketing,Low
660,661,56.0,73302.0,1.0,Marketing,Ahmedabad,4.12,19385.0,35,0.73,7330.2,Ahmedabad-Marketing,Medium
661,662,62.0,43150.0,20.0,Sales,Pune,1.47,18122.0,46,0.32,4315.0,Pune-Sales,Low
662,663,,88247.0,1.0,Finance,Pune,1.0,1364.0,33,0.34,8824.7,Pune-Finance,Medium
663,664,56.0,24853.0,26.0,IT,Pune,3.85,2708.0,37,0.19,2485.3,Pune-IT,Low
664,665,,114613.0,8.0,Marketing,Bangalore,2.43,12982.0,46,0.56,11461.3,Bangalore-Marketing,High
665,666,48.0,140900.0,0.0,Finance,Pune,2.02,17308.0,32,0.31,14090.0,Pune-Finance,High
666,667,22.0,109399.0,10.0,Marketing,Ahmedabad,1.05,32919.0,46,0.08,10939.9,Ahmedabad-Marketing,High
667,668,52.0,41792.0,2.0,Marketing,Pune,3.16,,38,0.69,4179.2,Pune-Marketing,Low
668,669,40.0,79129.0,22.0,IT,Mumbai,4.4,35089.0,31,0.71,7912.9,Mumbai-IT,Medium
669,670,46.0,126019.0,25.0,IT,Pune,4.83,13865.0,54,0.36,12601.9,Pune-IT,High
670,671,60.0,94478.0,3.0,Marketing,Bangalore,3.26,495.0,42,0.08,9447.8,Bangalore-Marketing,Medium
671,672,28.0,133811.0,17.0,HR,Mumbai,3.06,44755.0,49,0.43,13381.1,Mumbai-HR,High
672,673,35.0,134130.0,5.0,Marketing,Ahmedabad,1.34,2148.0,31,0.44,13413.0,Ahmedabad-Marketing,High
673,674,64.0,,34.0,Marketing,Ahmedabad,,33324.0,49,0.67,,Ahmedabad-Marketing,
674,675,,51987.0,21.0,Sales,Delhi,2.52,13393.0,57,0.32,5198.7,Delhi-Sales,Medium
675,676,,35850.0,14.0,Sales,Mumbai,3.43,1552.0,40,0.68,3585.0,Mumbai-Sales,Low
676,677,27.0,32112.0,21.0,Sales,Delhi,,35853.0,56,0.87,3211.2,Delhi-Sales,Low
677,678,61.0,141789.0,36.0,HR,Mumbai,1.96,32924.0,55,0.24,14178.9,Mumbai-HR,High
678,679,34.0,44058.0,11.0,HR,Mumbai,1.38,8926.0,51,0.98,4405.8,Mumbai-HR,Low
679,680,55.0,65420.0,37.0,Marketing,Bangalore,2.26,,44,0.39,6542.0,Bangalore-Marketing,Medium
680,681,24.0,,17.0,Sales,Delhi,1.39,23889.0,40,0.27,,Delhi-Sales,
681,682,63.0,86017.0,34.0,HR,Bangalore,1.71,39930.0,52,0.42,8601.7,Bangalore-HR,Medium
682,683,30.0,67304.0,29.0,IT,Mumbai,4.95,8055.0,32,0.09,6730.4,Mumbai-IT,Medium
683,684,,52921.0,23.0,Marketing,Ahmedabad,2.78,4654.0,32,0.13,5292.1,Ahmedabad-Marketing,Medium
684,685,59.0,125921.0,29.0,Finance,Mumbai,3.13,22634.0,57,0.41,12592.1,Mumbai-Finance,High
685,686,26.0,21524.0,13.0,Marketing,Bangalore,,32363.0,55,0.76,2152.4,Bangalore-Marketing,Low
686,687,67.0,120424.0,5.0,Finance,Delhi,4.98,11468.0,41,0.9,12042.4,Delhi-Finance,High
687,688,44.0,35048.0,,Sales,Delhi,3.33,32922.0,53,0.66,3504.8,Delhi-Sales,Low
688,689,,55111.0,15.0,Finance,Bangalore,4.25,40718.0,34,0.11,5511.1,Bangalore-Finance,Medium
689,690,22.0,,6.0,Sales,Delhi,,48091.0,49,0.67,,Delhi-Sales,
690,691,46.0,74912.0,13.0,IT,Pune,2.22,17380.0,36,0.64,7491.2,Pune-IT,Medium
691,692,,54008.0,8.0,Finance,Ahmedabad,2.61,,36,0.81,5400.8,Ahmedabad-Finance,Medium
692,693,,20060.0,,Marketing,Ahmedabad,3.69,37394.0,42,0.83,2006.0,Ahmedabad-Marketing,Low
693,694,36.0,,,Sales,Ahmedabad,3.73,14259.0,38,0.87,,Ahmedabad-Sales,
694,695,25.0,,34.0,Marketing,Delhi,,14873.0,54,0.41,,Delhi-Marketing,
695,696,,75337.0,1.0,HR,Delhi,1.53,13016.0,50,0.7,7533.7,Delhi-HR,Medium
696,697,62.0,,26.0,Sales,Mumbai,3.53,42137.0,42,0.27,,Mumbai-Sales,
697,698,18.0,33350.0,1.0,Finance,Mumbai,1.51,,41,1.0,3335.0,Mumbai-Finance,Low
698,699,39.0,44354.0,34.0,Sales,Ahmedabad,3.31,7853.0,42,0.18,4435.4,Ahmedabad-Sales,Low
699,700,69.0,65186.0,17.0,Marketing,Pune,3.77,12379.0,53,0.01,6518.6,Pune-Marketing,Medium
700,701,34.0,48145.0,,IT,Mumbai,3.8,15792.0,39,0.15,4814.5,Mumbai-IT,Low
701,702,24.0,54020.0,19.0,Sales,Mumbai,4.01,38367.0,30,0.78,5402.0,Mumbai-Sales,Medium
702,703,42.0,106123.0,17.0,Finance,Delhi,4.49,18100.0,54,0.45,10612.3,Delhi-Finance,High
703,704,62.0,126667.0,9.0,HR,Pune,3.0,47553.0,37,0.45,12666.7,Pune-HR,High
704,705,21.0,95186.0,24.0,IT,Ahmedabad,3.92,11049.0,51,0.96,9518.6,Ahmedabad-IT,Medium
705,706,53.0,105469.0,1.0,HR,Mumbai,3.48,786.0,45,0.92,10546.9,Mumbai-HR,High
706,707,23.0,40581.0,,Sales,Pune,1.75,4368.0,42,0.31,4058.1,Pune-Sales,Low
707,708,48.0,108929.0,32.0,Marketing,Pune,1.1,30699.0,32,0.21,10892.9,Pune-Marketing,High
708,709,36.0,,35.0,Marketing,Ahmedabad,2.14,47691.0,32,0.85,,Ahmedabad-Marketing,
709,710,61.0,71474.0,30.0,Finance,Pune,2.77,37040.0,53,0.91,7147.4,Pune-Finance,Medium
710,711,56.0,,13.0,Marketing,Pune,3.47,27454.0,34,0.54,,Pune-Marketing,
711,712,44.0,145995.0,0.0,IT,Pune,4.4,38762.0,55,0.63,14599.5,Pune-IT,High
712,713,27.0,134618.0,,Marketing,Mumbai,,23600.0,40,0.26,13461.8,Mumbai-Marketing,High
713,714,43.0,89626.0,,Finance,Ahmedabad,1.5,29238.0,59,0.8,8962.6,Ahmedabad-Finance,Medium
714,715,36.0,,34.0,Sales,Pune,4.85,25241.0,36,0.63,,Pune-Sales,
715,716,56.0,,,Sales,Pune,1.43,19810.0,50,0.5,,Pune-Sales,
716,717,20.0,41520.0,24.0,Marketing,Mumbai,2.91,,53,0.06,4152.0,Mumbai-Marketing,Low
717,718,62.0,69481.0,12.0,HR,Ahmedabad,3.34,21811.0,39,0.92,6948.1,Ahmedabad-HR,Medium
718,719,30.0,,,Sales,Delhi,,39779.0,39,0.62,,Delhi-Sales,
719,720,67.0,114006.0,7.0,Marketing,Mumbai,1.34,20085.0,49,0.19,11400.6,Mumbai-Marketing,High
720,721,45.0,148496.0,20.0,Finance,Ahmedabad,1.23,46854.0,31,0.61,14849.6,Ahmedabad-Finance,High
721,722,37.0,77134.0,33.0,Marketing,Pune,1.42,9261.0,32,0.68,7713.4,Pune-Marketing,Medium
722,723,45.0,,3.0,Sales,Ahmedabad,3.34,18733.0,37,0.53,,Ahmedabad-Sales,
723,724,25.0,21341.0,24.0,Finance,Ahmedabad,3.18,39779.0,40,0.72,2134.1,Ahmedabad-Finance,Low
724,725,58.0,64623.0,14.0,Marketing,Ahmedabad,1.93,29079.0,42,0.58,6462.3,Ahmedabad-Marketing,Medium
725,726,56.0,110327.0,3.0,IT,Delhi,3.55,33980.0,36,0.95,11032.7,Delhi-IT,High
726,727,18.0,20338.0,11.0,Finance,Ahmedabad,4.28,14141.0,42,0.05,2033.8,Ahmedabad-Finance,Low
727,728,20.0,91431.0,31.0,IT,Delhi,1.17,9344.0,31,0.11,9143.1,Delhi-IT,Medium
728,729,30.0,32254.0,31.0,HR,Pune,2.99,39472.0,35,0.17,3225.4,Pune-HR,Low
729,730,45.0,71860.0,27.0,Finance,Delhi,3.76,,38,0.69,7186.0,Delhi-Finance,Medium
730,731,66.0,31344.0,,IT,Pune,2.01,23817.0,49,0.65,3134.4,Pune-IT,Low
731,732,42.0,21750.0,,Sales,Pune,,29813.0,54,0.89,2175.0,Pune-Sales,Low
732,733,50.0,74756.0,13.0,Sales,Delhi,3.45,18895.0,31,0.73,7475.6,Delhi-Sales,Medium
733,734,55.0,87957.0,19.0,HR,Mumbai,4.59,143.0,47,0.51,8795.7,Mumbai-HR,Medium
734,735,23.0,125423.0,17.0,Finance,Bangalore,4.24,10681.0,45,0.99,12542.3,Bangalore-Finance,High
735,736,61.0,78053.0,28.0,Finance,Ahmedabad,3.33,7367.0,54,0.27,7805.3,Ahmedabad-Finance,Medium
736,737,62.0,90855.0,5.0,Finance,Bangalore,3.92,3228.0,41,0.83,9085.5,Bangalore-Finance,Medium
737,738,49.0,,31.0,HR,Ahmedabad,2.46,4582.0,36,0.43,,Ahmedabad-HR,
738,739,62.0,75761.0,28.0,Finance,Ahmedabad,3.56,13147.0,36,0.65,7576.1,Ahmedabad-Finance,Medium
739,740,64.0,82552.0,,Sales,Pune,2.86,11397.0,46,0.73,8255.2,Pune-Sales,Medium
740,741,38.0,,22.0,IT,Ahmedabad,1.76,38799.0,42,0.63,,Ahmedabad-IT,
741,742,33.0,,18.0,Sales,Ahmedabad,3.81,37011.0,40,0.14,,Ahmedabad-Sales,
742,743,38.0,146522.0,30.0,Sales,Delhi,3.23,13647.0,35,0.44,14652.2,Delhi-Sales,High
743,744,28.0,138681.0,4.0,IT,Bangalore,2.43,27718.0,58,0.56,13868.1,Bangalore-IT,High
744,745,54.0,110600.0,18.0,Sales,Delhi,,44264.0,52,0.85,11060.0,Delhi-Sales,High
745,746,53.0,142732.0,33.0,HR,Ahmedabad,1.08,42317.0,56,0.44,14273.2,Ahmedabad-HR,High
746,747,52.0,132153.0,9.0,IT,Pune,2.26,47914.0,43,0.92,13215.3,Pune-IT,High
747,748,36.0,142926.0,,Sales,Delhi,1.23,19097.0,35,0.44,14292.6,Delhi-Sales,High
748,749,37.0,47935.0,1.0,Marketing,Delhi,4.07,36953.0,35,0.55,4793.5,Delhi-Marketing,Low
749,750,35.0,57641.0,10.0,Sales,Mumbai,3.81,45254.0,31,0.8,5764.1,Mumbai-Sales,Medium
750,751,64.0,49711.0,30.0,HR,Ahmedabad,2.33,,51,0.58,4971.1,Ahmedabad-HR,Low
751,752,58.0,90342.0,14.0,Finance,Pune,3.7,49452.0,49,0.96,9034.2,Pune-Finance,Medium
752,753,66.0,,8.0,Sales,Delhi,2.58,,54,0.66,,Delhi-Sales,
753,754,31.0,32182.0,,Finance,Delhi,4.03,3010.0,44,0.52,3218.2,Delhi-Finance,Low
754,755,32.0,107833.0,,Marketing,Pune,2.82,,57,0.02,10783.3,Pune-Marketing,High
755,756,48.0,76276.0,8.0,Sales,Ahmedabad,2.65,,46,0.41,7627.6,Ahmedabad-Sales,Medium
756,757,18.0,39541.0,34.0,IT,Mumbai,4.74,28412.0,58,0.3,3954.1,Mumbai-IT,Low
757,758,20.0,114457.0,20.0,Finance,Delhi,2.0,44953.0,37,0.75,11445.7,Delhi-Finance,High
758,759,33.0,102310.0,8.0,Marketing,Mumbai,1.48,34305.0,34,0.21,10231.0,Mumbai-Marketing,High
759,760,,64813.0,27.0,IT,Bangalore,3.34,49549.0,46,0.21,6481.3,Bangalore-IT,Medium
760,761,28.0,57198.0,6.0,IT,Ahmedabad,4.88,11549.0,49,0.19,5719.8,Ahmedabad-IT,Medium
761,762,29.0,28820.0,15.0,IT,Bangalore,,5680.0,30,0.13,2882.0,Bangalore-IT,Low
762,763,27.0,,15.0,IT,Bangalore,1.25,25739.0,51,0.31,,Bangalore-IT,
763,764,49.0,,32.0,Sales,Bangalore,2.36,21209.0,47,0.89,,Bangalore-Sales,
764,765,33.0,31122.0,3.0,Sales,Ahmedabad,3.02,41515.0,44,0.77,3112.2,Ahmedabad-Sales,Low
765,766,25.0,100559.0,3.0,Sales,Ahmedabad,1.65,22432.0,34,0.74,10055.9,Ahmedabad-Sales,High
766,767,55.0,93543.0,38.0,Marketing,Pune,3.63,15116.0,36,0.8,9354.3,Pune-Marketing,Medium
767,768,29.0,103441.0,39.0,Marketing,Mumbai,,20045.0,47,0.27,10344.1,Mumbai-Marketing,High
768,769,41.0,61786.0,16.0,Marketing,Mumbai,2.81,26327.0,35,0.89,6178.6,Mumbai-Marketing,Medium
769,770,45.0,114934.0,,HR,Pune,2.42,,51,0.14,11493.4,Pune-HR,High
770,771,25.0,119804.0,38.0,Marketing,Pune,2.6,,50,0.34,11980.4,Pune-Marketing,High
771,772,45.0,26737.0,,Sales,Bangalore,1.46,26905.0,34,0.59,2673.7,Bangalore-Sales,Low
772,773,53.0,56062.0,35.0,Sales,Pune,4.53,7067.0,59,0.1,5606.2,Pune-Sales,Medium
773,774,43.0,74237.0,37.0,HR,Delhi,2.66,32559.0,48,0.73,7423.7,Delhi-HR,Medium
774,775,25.0,,38.0,HR,Mumbai,,42919.0,39,0.39,,Mumbai-HR,
775,776,67.0,45510.0,36.0,Marketing,Pune,3.64,17985.0,44,0.78,4551.0,Pune-Marketing,Low
776,777,45.0,39426.0,34.0,Finance,Delhi,2.77,27369.0,39,0.49,3942.6,Delhi-Finance,Low
777,778,45.0,57265.0,6.0,HR,Delhi,3.59,17864.0,56,0.18,5726.5,Delhi-HR,Medium
778,779,,37850.0,26.0,IT,Delhi,1.25,22614.0,45,0.73,3785.0,Delhi-IT,Low
779,780,58.0,138249.0,27.0,Sales,Delhi,4.25,47894.0,41,0.25,13824.9,Delhi-Sales,High
780,781,53.0,86150.0,21.0,IT,Bangalore,4.76,15613.0,47,0.49,8615.0,Bangalore-IT,Medium
781,782,44.0,107312.0,13.0,Sales,Delhi,3.6,6447.0,52,0.08,10731.2,Delhi-Sales,High
782,783,34.0,109613.0,6.0,Sales,Bangalore,,5499.0,30,0.62,10961.3,Bangalore-Sales,High
783,784,26.0,94910.0,36.0,HR,Bangalore,1.61,,45,0.67,9491.0,Bangalore-HR,Medium
784,785,50.0,72375.0,,HR,Delhi,,31315.0,51,0.38,7237.5,Delhi-HR,Medium
785,786,37.0,141826.0,4.0,IT,Mumbai,,1299.0,35,0.95,14182.6,Mumbai-IT,High
786,787,30.0,55435.0,1.0,Sales,Delhi,3.33,,32,0.87,5543.5,Delhi-Sales,Medium
787,788,45.0,116443.0,26.0,IT,Delhi,2.61,4994.0,31,0.71,11644.3,Delhi-IT,High
788,789,,77132.0,20.0,Finance,Delhi,2.35,29878.0,57,0.71,7713.2,Delhi-Finance,Medium
789,790,46.0,98945.0,37.0,IT,Mumbai,1.51,15627.0,31,0.25,9894.5,Mumbai-IT,Medium
790,791,30.0,102050.0,14.0,Marketing,Ahmedabad,2.57,7489.0,59,0.66,10205.0,Ahmedabad-Marketing,High
791,792,63.0,149828.0,20.0,IT,Ahmedabad,1.65,26111.0,42,0.2,14982.8,Ahmedabad-IT,High
792,793,52.0,115402.0,9.0,Marketing,Bangalore,3.94,32355.0,38,0.14,11540.2,Bangalore-Marketing,High
793,794,23.0,22983.0,22.0,Marketing,Bangalore,1.84,8269.0,45,1.0,2298.3,Bangalore-Marketing,Low
794,795,35.0,117241.0,38.0,Marketing,Mumbai,1.23,2831.0,56,0.62,11724.1,Mumbai-Marketing,High
795,796,,40662.0,4.0,Finance,Pune,3.21,44370.0,34,0.43,4066.2,Pune-Finance,Low
796,797,22.0,43510.0,0.0,IT,Ahmedabad,3.38,,52,0.29,4351.0,Ahmedabad-IT,Low
797,798,64.0,98187.0,12.0,IT,Bangalore,4.49,24813.0,57,0.6,9818.7,Bangalore-IT,Medium
798,799,42.0,60998.0,,Finance,Ahmedabad,3.31,21637.0,50,0.05,6099.8,Ahmedabad-Finance,Medium
799,800,19.0,76846.0,25.0,Sales,Mumbai,2.38,1996.0,36,0.09,7684.6,Mumbai-Sales,Medium
800,801,27.0,114071.0,20.0,HR,Mumbai,4.21,44387.0,42,0.03,11407.1,Mumbai-HR,High
801,802,47.0,26640.0,17.0,IT,Pune,3.16,49429.0,49,0.5,2664.0,Pune-IT,Low
802,803,67.0,64547.0,36.0,HR,Pune,1.32,3089.0,53,0.6,6454.7,Pune-HR,Medium
803,804,62.0,74620.0,31.0,Finance,Mumbai,3.26,33291.0,58,0.06,7462.0,Mumbai-Finance,Medium
804,805,22.0,35317.0,35.0,Sales,Bangalore,4.63,20659.0,56,0.72,3531.7,Bangalore-Sales,Low
805,806,50.0,135608.0,16.0,Sales,Ahmedabad,2.59,45178.0,59,0.23,13560.8,Ahmedabad-Sales,High
806,807,18.0,27564.0,34.0,Sales,Delhi,2.19,30429.0,55,0.69,2756.4,Delhi-Sales,Low
807,808,35.0,47345.0,10.0,Finance,Pune,1.57,15732.0,42,0.98,4734.5,Pune-Finance,Low
808,809,49.0,,20.0,Marketing,Delhi,1.61,19506.0,56,0.69,,Delhi-Marketing,
809,810,64.0,114223.0,,Marketing,Bangalore,2.73,40935.0,55,0.88,11422.3,Bangalore-Marketing,High
810,811,66.0,,3.0,HR,Pune,3.38,5190.0,36,0.95,,Pune-HR,
811,812,28.0,99273.0,33.0,Marketing,Delhi,1.32,4575.0,39,0.49,9927.3,Delhi-Marketing,Medium
812,813,38.0,94859.0,17.0,Marketing,Bangalore,4.76,40495.0,44,0.7,9485.9,Bangalore-Marketing,Medium
813,814,43.0,100765.0,39.0,Sales,Ahmedabad,4.02,48146.0,50,0.85,10076.5,Ahmedabad-Sales,High
814,815,,130017.0,34.0,Sales,Bangalore,3.35,34565.0,56,0.36,13001.7,Bangalore-Sales,High
815,816,39.0,,28.0,HR,Pune,4.31,34899.0,35,0.26,,Pune-HR,
816,817,44.0,143618.0,28.0,IT,Mumbai,,23706.0,34,0.95,14361.8,Mumbai-IT,High
817,818,66.0,72393.0,37.0,HR,Ahmedabad,2.91,47668.0,52,0.73,7239.3,Ahmedabad-HR,Medium
818,819,30.0,86081.0,20.0,HR,Delhi,,22884.0,57,0.22,8608.1,Delhi-HR,Medium
819,820,50.0,145341.0,12.0,Finance,Pune,4.31,,31,0.45,14534.1,Pune-Finance,High
820,821,51.0,122650.0,16.0,Finance,Mumbai,4.13,44100.0,50,0.8,12265.0,Mumbai-Finance,High
821,822,58.0,49430.0,8.0,HR,Bangalore,2.11,,44,0.55,4943.0,Bangalore-HR,Low
822,823,52.0,95532.0,0.0,HR,Mumbai,4.76,49294.0,55,0.65,9553.2,Mumbai-HR,Medium
823,824,18.0,47788.0,,HR,Pune,,12479.0,45,0.75,4778.8,Pune-HR,Low
824,825,38.0,115505.0,28.0,Marketing,Pune,4.5,34178.0,48,0.62,11550.5,Pune-Marketing,High
825,826,65.0,68543.0,32.0,Finance,Mumbai,4.88,12665.0,38,0.54,6854.3,Mumbai-Finance,Medium
826,827,23.0,33919.0,9.0,HR,Bangalore,1.71,,58,0.75,3391.9,Bangalore-HR,Low
827,828,45.0,89346.0,39.0,Sales,Mumbai,3.89,26292.0,51,0.73,8934.6,Mumbai-Sales,Medium
828,829,34.0,116122.0,20.0,Sales,Pune,1.16,36132.0,58,0.63,11612.2,Pune-Sales,High
829,830,22.0,59974.0,27.0,Marketing,Pune,,36110.0,55,0.36,5997.4,Pune-Marketing,Medium
830,831,48.0,127309.0,10.0,Marketing,Delhi,3.07,,48,0.41,12730.9,Delhi-Marketing,High
831,832,22.0,36371.0,33.0,IT,Delhi,,46233.0,36,0.97,3637.1,Delhi-IT,Low
832,833,,65084.0,7.0,IT,Ahmedabad,,37268.0,33,0.11,6508.4,Ahmedabad-IT,Medium
833,834,20.0,49629.0,21.0,IT,Pune,3.69,1172.0,59,0.27,4962.9,Pune-IT,Low
834,835,40.0,71184.0,7.0,Marketing,Delhi,2.93,27914.0,32,0.49,7118.4,Delhi-Marketing,Medium
835,836,54.0,81916.0,14.0,Marketing,Mumbai,4.24,,53,0.84,8191.6,Mumbai-Marketing,Medium
836,837,54.0,147293.0,16.0,Marketing,Bangalore,4.8,40775.0,58,0.16,14729.3,Bangalore-Marketing,High
837,838,27.0,93972.0,22.0,Sales,Mumbai,1.09,34409.0,49,0.28,9397.2,Mumbai-Sales,Medium
838,839,27.0,82187.0,23.0,Marketing,Bangalore,4.93,49623.0,40,0.07,8218.7,Bangalore-Marketing,Medium
839,840,36.0,32984.0,18.0,Sales,Delhi,1.34,19324.0,30,0.71,3298.4,Delhi-Sales,Low
840,841,34.0,53039.0,4.0,IT,Ahmedabad,4.26,8738.0,35,0.24,5303.9,Ahmedabad-IT,Medium
841,842,38.0,,31.0,IT,Mumbai,2.12,37494.0,55,0.39,,Mumbai-IT,
842,843,31.0,103691.0,0.0,IT,Mumbai,1.53,44557.0,40,0.44,10369.1,Mumbai-IT,High
843,844,26.0,78606.0,22.0,HR,Mumbai,2.76,24054.0,56,0.89,7860.6,Mumbai-HR,Medium
844,845,63.0,30616.0,36.0,HR,Bangalore,3.58,29709.0,30,0.41,3061.6,Bangalore-HR,Low
845,846,18.0,122665.0,7.0,Finance,Delhi,2.52,43785.0,50,0.15,12266.5,Delhi-Finance,High
846,847,68.0,125373.0,12.0,Finance,Mumbai,1.22,,36,0.52,12537.3,Mumbai-Finance,High
847,848,62.0,70072.0,7.0,Finance,Mumbai,3.4,363.0,35,0.96,7007.2,Mumbai-Finance,Medium
848,849,30.0,44574.0,22.0,HR,Ahmedabad,4.61,10358.0,43,0.61,4457.4,Ahmedabad-HR,Low
849,850,21.0,23430.0,0.0,HR,Ahmedabad,2.53,36077.0,31,0.98,2343.0,Ahmedabad-HR,Low
850,851,,,,Finance,Delhi,,49697.0,56,0.84,,Delhi-Finance,
851,852,66.0,,34.0,Finance,Delhi,2.77,3240.0,33,0.04,,Delhi-Finance,
852,853,,30816.0,23.0,Marketing,Pune,1.19,6665.0,40,0.66,3081.6,Pune-Marketing,Low
853,854,49.0,52733.0,16.0,Finance,Ahmedabad,4.28,45689.0,44,0.29,5273.3,Ahmedabad-Finance,Medium
854,855,51.0,105680.0,4.0,Marketing,Pune,4.31,1936.0,47,0.56,10568.0,Pune-Marketing,High
855,856,45.0,22050.0,19.0,Sales,Bangalore,3.35,46736.0,56,0.28,2205.0,Bangalore-Sales,Low
856,857,48.0,129996.0,20.0,HR,Pune,2.41,,30,0.35,12999.6,Pune-HR,High
857,858,25.0,53933.0,39.0,Finance,Mumbai,4.2,43965.0,32,0.92,5393.3,Mumbai-Finance,Medium
858,859,56.0,44951.0,,HR,Pune,3.22,11998.0,32,0.21,4495.1,Pune-HR,Low
859,860,43.0,52413.0,35.0,HR,Delhi,4.3,882.0,57,0.87,5241.3,Delhi-HR,Medium
860,861,51.0,54801.0,10.0,HR,Bangalore,3.53,20224.0,36,0.03,5480.1,Bangalore-HR,Medium
861,862,20.0,75619.0,14.0,Sales,Mumbai,4.14,39691.0,30,0.09,7561.9,Mumbai-Sales,Medium
862,863,67.0,52913.0,,IT,Pune,3.39,,54,0.85,5291.3,Pune-IT,Medium
863,864,29.0,132573.0,6.0,Finance,Bangalore,2.66,30825.0,40,0.63,13257.3,Bangalore-Finance,High
864,865,18.0,139076.0,27.0,IT,Bangalore,4.83,5204.0,35,0.75,13907.6,Bangalore-IT,High
865,866,61.0,60600.0,4.0,IT,Mumbai,,28885.0,49,0.21,6060.0,Mumbai-IT,Medium
866,867,22.0,77775.0,4.0,IT,Pune,3.42,40056.0,32,0.54,7777.5,Pune-IT,Medium
867,868,47.0,110816.0,29.0,HR,Bangalore,1.88,3203.0,48,0.74,11081.6,Bangalore-HR,High
868,869,47.0,149972.0,31.0,Marketing,Bangalore,3.5,2244.0,31,0.63,14997.2,Bangalore-Marketing,High
869,870,34.0,110093.0,7.0,HR,Ahmedabad,3.29,32786.0,47,0.47,11009.3,Ahmedabad-HR,High
870,871,65.0,132590.0,9.0,HR,Bangalore,1.74,49793.0,59,0.96,13259.0,Bangalore-HR,High
871,872,64.0,55400.0,37.0,IT,Ahmedabad,1.24,3083.0,41,0.68,5540.0,Ahmedabad-IT,Medium
872,873,,24494.0,31.0,HR,Pune,3.42,,58,0.91,2449.4,Pune-HR,Low
873,874,32.0,100688.0,27.0,IT,Pune,4.05,8521.0,39,0.73,10068.8,Pune-IT,High
874,875,,142744.0,16.0,Marketing,Pune,,33541.0,34,0.74,14274.4,Pune-Marketing,High
875,876,38.0,,30.0,Finance,Delhi,1.91,29063.0,38,0.08,,Delhi-Finance,
876,877,,94691.0,7.0,IT,Pune,,4732.0,31,0.36,9469.1,Pune-IT,Medium
877,878,19.0,117419.0,,Marketing,Bangalore,1.32,27518.0,31,0.86,11741.9,Bangalore-Marketing,High
878,879,28.0,128730.0,24.0,Finance,Mumbai,2.77,39563.0,57,0.23,12873.0,Mumbai-Finance,High
879,880,68.0,63001.0,8.0,Sales,Ahmedabad,1.65,39752.0,35,0.12,6300.1,Ahmedabad-Sales,Medium
880,881,56.0,87364.0,1.0,IT,Delhi,1.74,29697.0,58,0.33,8736.4,Delhi-IT,Medium
881,882,55.0,144988.0,14.0,IT,Pune,1.81,,39,0.22,14498.8,Pune-IT,High
882,883,51.0,,2.0,Sales,Pune,2.55,16121.0,47,0.93,,Pune-Sales,
883,884,55.0,127434.0,35.0,Sales,Mumbai,1.2,1674.0,41,0.87,12743.4,Mumbai-Sales,High
884,885,67.0,117659.0,3.0,IT,Mumbai,2.59,10875.0,33,0.5,11765.9,Mumbai-IT,High
885,886,51.0,57573.0,,Sales,Delhi,3.05,,51,0.06,5757.3,Delhi-Sales,Medium
886,887,35.0,20806.0,24.0,HR,Ahmedabad,2.93,739.0,50,0.71,2080.6,Ahmedabad-HR,Low
887,888,47.0,144343.0,9.0,Finance,Pune,2.53,1545.0,46,0.62,14434.3,Pune-Finance,High
888,889,,76638.0,20.0,Finance,Delhi,4.36,29140.0,44,0.97,7663.8,Delhi-Finance,Medium
889,890,44.0,148301.0,35.0,Finance,Bangalore,1.58,,35,0.56,14830.1,Bangalore-Finance,High
890,891,68.0,146295.0,11.0,HR,Bangalore,3.02,5127.0,45,0.34,14629.5,Bangalore-HR,High
891,892,51.0,126506.0,26.0,Sales,Delhi,1.25,23331.0,46,0.52,12650.6,Delhi-Sales,High
892,893,69.0,49757.0,39.0,Marketing,Pune,1.28,23004.0,32,0.98,4975.7,Pune-Marketing,Low
893,894,55.0,54636.0,,Sales,Delhi,3.3,41833.0,39,0.7,5463.6,Delhi-Sales,Medium
894,895,50.0,,12.0,IT,Pune,3.26,10492.0,34,0.67,,Pune-IT,
895,896,41.0,68280.0,,Finance,Mumbai,4.51,13749.0,43,0.24,6828.0,Mumbai-Finance,Medium
896,897,32.0,44262.0,30.0,Sales,Delhi,3.23,23508.0,55,0.74,4426.2,Delhi-Sales,Low
897,898,47.0,100435.0,,Marketing,Pune,4.84,9045.0,58,0.75,10043.5,Pune-Marketing,High
898,899,,82211.0,31.0,IT,Delhi,1.19,20116.0,50,0.32,8221.1,Delhi-IT,Medium
899,900,,74842.0,31.0,HR,Delhi,1.39,18667.0,42,0.48,7484.2,Delhi-HR,Medium
900,901,34.0,148583.0,33.0,HR,Pune,1.18,9521.0,55,0.29,14858.3,Pune-HR,High
901,902,22.0,76979.0,10.0,Marketing,Pune,1.74,8669.0,35,0.26,7697.9,Pune-Marketing,Medium
902,903,,,9.0,IT,Ahmedabad,3.17,27302.0,41,0.03,,Ahmedabad-IT,
903,904,21.0,101470.0,14.0,Finance,Delhi,3.58,11283.0,55,0.29,10147.0,Delhi-Finance,High
904,905,27.0,58197.0,16.0,Sales,Bangalore,1.18,30935.0,37,0.55,5819.7,Bangalore-Sales,Medium
905,906,34.0,61844.0,39.0,IT,Delhi,,6998.0,34,0.0,6184.4,Delhi-IT,Medium
906,907,27.0,84754.0,17.0,HR,Delhi,4.37,28806.0,59,0.28,8475.4,Delhi-HR,Medium
907,908,34.0,,,Marketing,Pune,2.19,31624.0,44,0.88,,Pune-Marketing,
908,909,37.0,,24.0,Marketing,Delhi,1.31,13440.0,56,0.59,,Delhi-Marketing,
909,910,41.0,97129.0,,Sales,Delhi,1.68,,45,0.61,9712.9,Delhi-Sales,Medium
910,911,22.0,,,Marketing,Bangalore,1.51,46501.0,30,0.4,,Bangalore-Marketing,
911,912,51.0,81665.0,24.0,Marketing,Pune,1.49,21797.0,45,0.68,8166.5,Pune-Marketing,Medium
912,913,23.0,135512.0,21.0,IT,Delhi,3.07,1269.0,34,0.19,13551.2,Delhi-IT,High
913,914,19.0,136953.0,29.0,Finance,Mumbai,1.98,7868.0,32,0.82,13695.3,Mumbai-Finance,High
914,915,30.0,102856.0,19.0,Sales,Ahmedabad,2.43,30251.0,49,0.12,10285.6,Ahmedabad-Sales,High
915,916,60.0,47376.0,20.0,IT,Bangalore,4.96,12373.0,44,0.66,4737.6,Bangalore-IT,Low
916,917,60.0,129049.0,31.0,Finance,Delhi,3.74,18987.0,42,0.34,12904.9,Delhi-Finance,High
917,918,65.0,75554.0,20.0,IT,Mumbai,4.8,38729.0,53,0.75,7555.4,Mumbai-IT,Medium
918,919,28.0,34199.0,34.0,IT,Delhi,1.57,15734.0,45,0.55,3419.9,Delhi-IT,Low
919,920,68.0,138533.0,31.0,Marketing,Delhi,2.53,,52,0.45,13853.3,Delhi-Marketing,High
920,921,64.0,101412.0,29.0,Finance,Pune,3.22,41337.0,40,0.17,10141.2,Pune-Finance,High
921,922,40.0,70948.0,38.0,Sales,Pune,1.31,40325.0,50,0.64,7094.8,Pune-Sales,Medium
922,923,33.0,93781.0,11.0,Sales,Pune,1.02,18064.0,31,0.97,9378.1,Pune-Sales,Medium
923,924,48.0,92750.0,17.0,Finance,Mumbai,,8433.0,51,0.83,9275.0,Mumbai-Finance,Medium
924,925,,86262.0,20.0,Marketing,Delhi,3.57,48421.0,56,0.06,8626.2,Delhi-Marketing,Medium
925,926,33.0,137424.0,12.0,HR,Ahmedabad,2.64,,35,0.38,13742.4,Ahmedabad-HR,High
926,927,25.0,66600.0,20.0,IT,Bangalore,,38450.0,55,0.93,6660.0,Bangalore-IT,Medium
927,928,21.0,96898.0,7.0,Marketing,Pune,,48247.0,55,0.5,9689.8,Pune-Marketing,Medium
928,929,57.0,82483.0,39.0,Finance,Pune,1.1,15047.0,59,0.66,8248.3,Pune-Finance,Medium
929,930,21.0,,6.0,IT,Delhi,2.34,8084.0,56,0.91,,Delhi-IT,
930,931,42.0,50448.0,22.0,Sales,Delhi,1.71,21751.0,35,0.87,5044.8,Delhi-Sales,Medium
931,932,20.0,46172.0,31.0,HR,Mumbai,,16453.0,43,0.5,4617.2,Mumbai-HR,Low
932,933,49.0,62874.0,10.0,Sales,Mumbai,4.83,20308.0,54,0.44,6287.4,Mumbai-Sales,Medium
933,934,20.0,27657.0,21.0,Finance,Pune,3.4,38968.0,40,0.34,2765.7,Pune-Finance,Low
934,935,44.0,104386.0,21.0,IT,Delhi,3.91,30077.0,37,0.72,10438.6,Delhi-IT,High
935,936,46.0,,,Finance,Ahmedabad,2.26,43046.0,37,0.29,,Ahmedabad-Finance,
936,937,49.0,45425.0,21.0,IT,Bangalore,,34775.0,30,0.25,4542.5,Bangalore-IT,Low
937,938,67.0,46685.0,27.0,Marketing,Delhi,1.95,48570.0,50,0.36,4668.5,Delhi-Marketing,Low
938,939,68.0,142000.0,28.0,HR,Delhi,1.39,46097.0,36,0.18,14200.0,Delhi-HR,High
939,940,36.0,132855.0,12.0,Marketing,Mumbai,1.72,24503.0,35,0.7,13285.5,Mumbai-Marketing,High
940,941,38.0,44578.0,17.0,Marketing,Bangalore,4.19,2779.0,50,0.62,4457.8,Bangalore-Marketing,Low
941,942,,48831.0,1.0,Finance,Pune,3.71,,37,0.48,4883.1,Pune-Finance,Low
942,943,,27906.0,28.0,HR,Delhi,3.19,755.0,48,0.39,2790.6,Delhi-HR,Low
943,944,45.0,81413.0,20.0,IT,Pune,2.9,39263.0,51,0.91,8141.3,Pune-IT,Medium
944,945,59.0,74028.0,14.0,IT,Delhi,4.69,42955.0,50,0.03,7402.8,Delhi-IT,Medium
945,946,39.0,,26.0,Sales,Pune,1.29,42281.0,53,0.77,,Pune-Sales,
946,947,38.0,53660.0,30.0,IT,Bangalore,2.12,17400.0,49,0.9,5366.0,Bangalore-IT,Medium
947,948,23.0,95758.0,14.0,Finance,Mumbai,2.4,40115.0,37,0.45,9575.8,Mumbai-Finance,Medium
948,949,18.0,80504.0,22.0,Marketing,Bangalore,4.13,,55,0.55,8050.4,Bangalore-Marketing,Medium
949,950,,79720.0,23.0,Marketing,Ahmedabad,4.97,47647.0,43,0.94,7972.0,Ahmedabad-Marketing,Medium
950,951,58.0,122979.0,12.0,Marketing,Mumbai,1.96,46825.0,47,0.21,12297.9,Mumbai-Marketing,High
951,952,29.0,54701.0,21.0,HR,Bangalore,4.5,44825.0,54,0.52,5470.1,Bangalore-HR,Medium
952,953,43.0,103300.0,36.0,IT,Ahmedabad,4.32,24600.0,58,0.47,10330.0,Ahmedabad-IT,High
953,954,63.0,130177.0,32.0,Finance,Delhi,1.9,37706.0,45,0.26,13017.7,Delhi-Finance,High
954,955,51.0,37674.0,2.0,HR,Delhi,2.6,,38,0.82,3767.4,Delhi-HR,Low
955,956,66.0,103560.0,18.0,Sales,Pune,2.64,33505.0,44,0.9,10356.0,Pune-Sales,High
956,957,,131543.0,22.0,Finance,Mumbai,,38968.0,59,0.78,13154.3,Mumbai-Finance,High
957,958,43.0,43874.0,28.0,Finance,Delhi,1.72,41139.0,55,0.2,4387.4,Delhi-Finance,Low
958,959,62.0,63642.0,29.0,Finance,Mumbai,4.2,,39,0.09,6364.2,Mumbai-Finance,Medium
959,960,44.0,143867.0,38.0,Marketing,Delhi,2.34,41302.0,58,0.61,14386.7,Delhi-Marketing,High
960,961,26.0,117820.0,24.0,Finance,Pune,3.92,29148.0,51,0.06,11782.0,Pune-Finance,High
961,962,43.0,85160.0,36.0,IT,Bangalore,2.68,22302.0,45,0.67,8516.0,Bangalore-IT,Medium
962,963,64.0,37602.0,7.0,Finance,Pune,3.31,2623.0,33,0.53,3760.2,Pune-Finance,Low
963,964,39.0,123320.0,15.0,Marketing,Ahmedabad,4.33,,49,0.66,12332.0,Ahmedabad-Marketing,High
964,965,64.0,108801.0,7.0,Finance,Delhi,4.22,13543.0,42,0.59,10880.1,Delhi-Finance,High
965,966,47.0,45931.0,0.0,Sales,Ahmedabad,4.47,28960.0,51,0.42,4593.1,Ahmedabad-Sales,Low
966,967,,114377.0,4.0,Sales,Ahmedabad,1.24,22785.0,34,0.2,11437.7,Ahmedabad-Sales,High
967,968,65.0,,2.0,Marketing,Mumbai,3.77,12817.0,51,0.31,,Mumbai-Marketing,
968,969,34.0,,0.0,IT,Delhi,1.56,31406.0,36,0.52,,Delhi-IT,
969,970,43.0,,3.0,IT,Ahmedabad,2.66,23456.0,52,0.65,,Ahmedabad-IT,
970,971,,62520.0,39.0,HR,Bangalore,3.19,23777.0,38,0.78,6252.0,Bangalore-HR,Medium
971,972,18.0,84772.0,34.0,Marketing,Ahmedabad,2.61,20914.0,37,0.77,8477.2,Ahmedabad-Marketing,Medium
972,973,25.0,78762.0,,Finance,Bangalore,3.08,,58,0.97,7876.2,Bangalore-Finance,Medium
973,974,66.0,70106.0,33.0,Marketing,Mumbai,,23548.0,45,0.29,7010.6,Mumbai-Marketing,Medium
974,975,52.0,101121.0,24.0,HR,Ahmedabad,1.54,37265.0,35,0.07,10112.1,Ahmedabad-HR,High
975,976,69.0,45559.0,9.0,Marketing,Pune,3.7,40701.0,57,0.35,4555.9,Pune-Marketing,Low
976,977,32.0,125595.0,20.0,Marketing,Mumbai,2.58,6727.0,45,0.74,12559.5,Mumbai-Marketing,High
977,978,,53742.0,38.0,HR,Bangalore,1.53,,35,0.44,5374.2,Bangalore-HR,Medium
978,979,39.0,89669.0,26.0,IT,Mumbai,1.63,32427.0,43,0.82,8966.9,Mumbai-IT,Medium
979,980,31.0,100199.0,26.0,Finance,Ahmedabad,,16692.0,50,0.55,10019.9,Ahmedabad-Finance,High
980,981,43.0,41754.0,1.0,HR,Delhi,4.52,31625.0,30,0.93,4175.4,Delhi-HR,Low
981,982,45.0,23972.0,12.0,Sales,Delhi,4.63,24918.0,54,0.95,2397.2,Delhi-Sales,Low
982,983,40.0,90831.0,8.0,IT,Bangalore,4.97,41395.0,38,0.07,9083.1,Bangalore-IT,Medium
983,984,31.0,132217.0,35.0,Sales,Bangalore,1.83,41136.0,54,0.46,13221.7,Bangalore-Sales,High
984,985,41.0,61873.0,21.0,IT,Delhi,2.42,49290.0,56,0.61,6187.3,Delhi-IT,Medium
985,986,19.0,114661.0,25.0,Finance,Bangalore,3.68,,53,0.26,11466.1,Bangalore-Finance,High
986,987,62.0,126532.0,11.0,Finance,Mumbai,2.94,,42,0.41,12653.2,Mumbai-Finance,High
987,988,43.0,146267.0,16.0,Marketing,Pune,2.67,19619.0,55,0.68,14626.7,Pune-Marketing,High
988,989,31.0,29903.0,13.0,Sales,Pune,2.43,,58,0.23,2990.3,Pune-Sales,Low
989,990,68.0,,13.0,IT,Mumbai,3.38,33710.0,48,0.6,,Mumbai-IT,
990,991,24.0,,33.0,Finance,Pune,3.3,37388.0,46,0.7,,Pune-Finance,
991,992,20.0,105956.0,19.0,HR,Ahmedabad,1.65,16195.0,40,0.09,10595.6,Ahmedabad-HR,High
992,993,64.0,106988.0,10.0,Finance,Mumbai,2.89,27689.0,57,0.5,10698.8,Mumbai-Finance,High
993,994,40.0,65648.0,15.0,HR,Bangalore,3.21,11154.0,57,0.26,6564.8,Bangalore-HR,Medium
994,995,63.0,123537.0,30.0,IT,Mumbai,3.28,39121.0,37,0.72,12353.7,Mumbai-IT,High
995,996,60.0,145991.0,5.0,Finance,Delhi,1.84,29412.0,52,0.19,14599.1,Delhi-Finance,High
996,997,,29516.0,18.0,Finance,Bangalore,3.97,21341.0,58,0.89,2951.6,Bangalore-Finance,Low
997,998,62.0,132863.0,36.0,IT,Delhi,1.1,32018.0,34,0.43,13286.3,Delhi-IT,High
998,999,35.0,135005.0,3.0,Finance,Bangalore,2.42,9145.0,39,0.2,13500.5,Bangalore-Finance,High
999,1000,55.0,22396.0,3.0,HR,Pune,4.12,42262.0,36,0.44,2239.6,Pune-HR,Low
