,user_id,age,gender,city,salary,experience_years,department,performance_score,joining_year
0,1,56.0,Female,Bangalore,,3.0,IT,,
1,2,,Male,Delhi,,11.0,Finance,,
2,3,46.0,Male,,55000.0,,HR,5.0,2024.0
3,4,32.0,Male,Pune,,1.0,Finance,,2022.0
4,5,,Male,Bangalore,115000.0,,,,2024.0
5,6,25.0,Male,Bangalore,,,Finance,1.0,2013.0
6,7,38.0,Male,Ahmedabad,145000.0,,IT,,
7,8,56.0,Male,Ahmedabad,,,IT,,2021.0
8,9,36.0,Male,,120000.0,4.0,Finance,3.0,2013.0
9,10,40.0,Female,Pune,,7.0,IT,,2012.0
10,11,28.0,Female,Bangalore,,6.0,IT,,
11,12,28.0,Female,,,13.0,Finance,2.0,
12,13,41.0,Female,,60000.0,,Sales,,
13,14,53.0,Female,Mumbai,135000.0,,Sales,1.0,
14,15,57.0,Male,Ahmedabad,,2.0,HR,5.0,2021.0
15,16,41.0,Female,Pune,,,IT,,2013.0
16,17,20.0,Female,Bangalore,100000.0,,Finance,,2021.0
17,18,39.0,Female,,135000.0,,IT,,
18,19,19.0,Male,Bangalore,120000.0,,,2.0,2024.0
19,20,41.0,Male,Mumbai,,,IT,,
20,21,,Male,Pune,,,IT,3.0,2014.0
21,22,47.0,Male,,,,Sales,,2024.0
22,23,55.0,Female,Bangalore,80000.0,,Finance,3.0,
23,24,19.0,Female,Ahmedabad,70000.0,7.0,IT,,
24,25,38.0,Male,Mumbai,,0.0,Sales,,2014.0
25,26,50.0,,Pune,110000.0,,HR,2.0,2022.0
26,27,29.0,Female,Mumbai,70000.0,11.0,Sales,4.0,
27,28,39.0,Male,Ahmedabad,80000.0,,Sales,,2022.0
28,29,,Male,Pune,,10.0,Sales,,
29,30,42.0,Male,Mumbai,,4.0,IT,5.0,2023.0
30,31,,Male,Delhi,20000.0,11.0,IT,,2013.0
31,32,44.0,Male,Ahmedabad,,,HR,5.0,2013.0
32,33,59.0,Male,Ahmedabad,,5.0,,,
33,34,45.0,Male,Ahmedabad,110000.0,0.0,,,
34,35,33.0,Male,Delhi,75000.0,4.0,,1.0,
35,36,32.0,Female,Delhi,55000.0,,HR,,2022.0
36,37,,Male,Bangalore,55000.0,13.0,,4.0,2021.0
37,38,,Female,,,4.0,,5.0,2016.0
38,39,,Male,Mumbai,75000.0,,Sales,,2021.0
39,40,,,Bangalore,,,IT,5.0,2013.0
40,41,20.0,Male,Mumbai,,0.0,IT,1.0,2011.0
41,42,54.0,Male,,145000.0,,Sales,,2011.0
42,43,,,Delhi,,,Sales,2.0,2014.0
43,44,24.0,Female,,,8.0,Sales,,2019.0
44,45,38.0,Female,Delhi,40000.0,,IT,,2019.0
45,46,26.0,Male,,55000.0,,,2.0,2018.0
46,47,56.0,Male,Bangalore,140000.0,4.0,Sales,,2022.0
47,48,35.0,Female,Pune,,1.0,HR,,2016.0
48,49,21.0,Other,Bangalore,,14.0,Sales,,2014.0
49,50,42.0,Female,Mumbai,130000.0,6.0,Finance,,2019.0
50,51,31.0,Female,Bangalore,,3.0,Sales,,2019.0
51,52,,Male,Ahmedabad,,0.0,IT,2.0,2015.0
52,53,26.0,Female,Mumbai,130000.0,12.0,Sales,,
53,54,43.0,Male,,115000.0,,Finance,3.0,2017.0
54,55,19.0,Male,Mumbai,105000.0,,HR,,2010.0
55,56,37.0,Male,Pune,105000.0,6.0,,5.0,
56,57,45.0,Female,Delhi,25000.0,14.0,Sales,3.0,2016.0
57,58,,Male,,35000.0,,Finance,1.0,2023.0
58,59,24.0,Male,Mumbai,,13.0,Finance,,
59,60,,Female,,,,HR,3.0,2018.0
60,61,25.0,Male,,,,IT,2.0,
61,62,,Female,,105000.0,,Sales,1.0,2014.0
62,63,52.0,Male,Delhi,,,Finance,4.0,
63,64,31.0,Female,Bangalore,110000.0,,HR,,2017.0
64,65,34.0,Female,,,,,3.0,2015.0
65,66,53.0,Male,Ahmedabad,,,Finance,1.0,2020.0
66,67,,Male,Pune,115000.0,9.0,HR,4.0,
67,68,57.0,Male,Delhi,,8.0,IT,,2013.0
68,69,21.0,Male,Mumbai,75000.0,,IT,1.0,
69,70,19.0,,Delhi,90000.0,7.0,Finance,2.0,2010.0
70,71,23.0,Male,Mumbai,,9.0,Finance,,2022.0
71,72,59.0,Female,Delhi,,,Sales,2.0,2023.0
72,73,21.0,Male,Mumbai,25000.0,1.0,HR,3.0,2010.0
73,74,46.0,Female,,,5.0,Finance,,2020.0
74,75,35.0,Female,Bangalore,,4.0,Sales,3.0,
75,76,43.0,Female,Mumbai,65000.0,8.0,Sales,,2013.0
76,77,,Female,Mumbai,25000.0,4.0,Finance,,2021.0
77,78,51.0,Male,Ahmedabad,70000.0,,IT,3.0,2019.0
78,79,27.0,Male,Mumbai,80000.0,,HR,,2015.0
79,80,53.0,Other,Ahmedabad,65000.0,8.0,HR,1.0,2010.0
80,81,31.0,Female,Pune,85000.0,,IT,,2016.0
81,82,48.0,,,105000.0,,Finance,3.0,
82,83,,Male,Ahmedabad,60000.0,11.0,HR,1.0,2023.0
83,84,32.0,Female,Bangalore,,6.0,Finance,2.0,
84,85,25.0,Other,,,2.0,Finance,,
85,86,31.0,Male,Ahmedabad,30000.0,9.0,Sales,,2015.0
86,87,40.0,Male,,115000.0,1.0,IT,2.0,2014.0
87,88,57.0,Female,,45000.0,,Finance,2.0,
88,89,38.0,Female,,,2.0,,,2024.0
89,90,33.0,Female,Pune,25000.0,,IT,,2015.0
90,91,,Male,Bangalore,,1.0,HR,5.0,
91,92,35.0,Female,Delhi,,,Sales,,2010.0
92,93,,Male,Delhi,30000.0,9.0,HR,,2010.0
93,94,41.0,Male,Ahmedabad,95000.0,5.0,HR,,2022.0
94,95,43.0,Male,,,,IT,,2012.0
95,96,42.0,Female,Ahmedabad,,10.0,HR,,2019.0
96,97,,Female,Pune,25000.0,,Finance,,2012.0
97,98,58.0,Female,Pune,100000.0,6.0,HR,,2018.0
98,99,46.0,Male,Mumbai,,14.0,Sales,4.0,2017.0
99,100,32.0,Female,Pune,75000.0,5.0,Sales,2.0,2012.0
100,101,,Male,Mumbai,,,,,2022.0
101,102,18.0,Female,Bangalore,,8.0,Sales,4.0,2015.0
102,103,42.0,Male,Ahmedabad,20000.0,,HR,,2022.0
103,104,24.0,Male,Bangalore,,,Sales,4.0,
104,105,26.0,Female,Pune,90000.0,11.0,IT,,
105,106,41.0,Male,Bangalore,145000.0,,Sales,,2021.0
106,107,18.0,Female,Bangalore,,,Finance,,2022.0
107,108,,Female,Bangalore,120000.0,2.0,IT,,2011.0
108,109,25.0,Male,Pune,,14.0,,4.0,
109,110,41.0,Female,,140000.0,1.0,Finance,1.0,2015.0
110,111,28.0,Male,Bangalore,130000.0,,HR,3.0,
111,112,,Female,Mumbai,135000.0,1.0,HR,,2022.0
112,113,34.0,Other,Pune,,,HR,4.0,
113,114,25.0,Female,Bangalore,,2.0,Finance,5.0,2018.0
114,115,52.0,Male,,120000.0,5.0,Finance,,
115,116,52.0,Other,Pune,,14.0,Finance,5.0,2011.0
116,117,50.0,Female,Delhi,105000.0,9.0,IT,4.0,
117,118,22.0,Male,,,8.0,IT,2.0,
118,119,59.0,Male,Mumbai,,0.0,HR,2.0,2016.0
119,120,56.0,Female,Bangalore,,,Sales,4.0,2019.0
120,121,58.0,Female,Delhi,60000.0,5.0,HR,,2019.0
121,122,45.0,Female,Delhi,,8.0,,,
122,123,24.0,Female,Pune,,3.0,IT,,2018.0
123,124,26.0,Female,Delhi,,1.0,Finance,,
124,125,25.0,Male,Mumbai,,3.0,IT,3.0,2024.0
125,126,29.0,Male,Mumbai,,0.0,Finance,,2011.0
126,127,51.0,Male,Ahmedabad,30000.0,,,5.0,2013.0
127,128,50.0,Female,Mumbai,30000.0,,,3.0,
128,129,,Male,,,9.0,IT,5.0,
129,130,40.0,Female,Delhi,,,Finance,,2014.0
130,131,41.0,Female,Mumbai,90000.0,14.0,,4.0,2016.0
131,132,54.0,Female,Pune,,,HR,,
132,133,52.0,Male,Ahmedabad,130000.0,,HR,5.0,2016.0
133,134,,Female,Delhi,,,Finance,,
134,135,57.0,Male,Ahmedabad,70000.0,,IT,,2016.0
135,136,39.0,Female,Delhi,,,,,2013.0
136,137,44.0,Male,Pune,,,IT,4.0,2017.0
137,138,52.0,Male,Ahmedabad,,3.0,HR,,2022.0
138,139,18.0,Female,Bangalore,135000.0,1.0,,2.0,2013.0
139,140,52.0,Male,,,,IT,,2015.0
140,141,54.0,Male,,,12.0,Sales,,2014.0
141,142,,Female,Delhi,,0.0,Finance,,2021.0
142,143,31.0,Female,Bangalore,,,Finance,,2013.0
143,144,20.0,Female,Ahmedabad,50000.0,12.0,Sales,,2018.0
144,145,18.0,Female,Bangalore,35000.0,3.0,HR,,2013.0
145,146,22.0,Female,Bangalore,,6.0,,5.0,
146,147,43.0,Male,Ahmedabad,20000.0,,Finance,,2023.0
147,148,31.0,Male,Pune,20000.0,8.0,Sales,,2014.0
148,149,56.0,Male,Bangalore,115000.0,3.0,Sales,3.0,
149,150,44.0,Other,Bangalore,110000.0,,HR,5.0,2019.0
150,151,26.0,Female,Pune,,0.0,HR,,
151,152,32.0,Male,Bangalore,65000.0,9.0,IT,,2021.0
152,153,32.0,Female,Bangalore,105000.0,3.0,Finance,2.0,
153,154,43.0,Other,Bangalore,,8.0,IT,4.0,
154,155,59.0,Male,,,12.0,Sales,,2020.0
155,156,30.0,Female,Mumbai,,13.0,,1.0,2012.0
156,157,,Female,Pune,,9.0,,2.0,
157,158,49.0,Female,Bangalore,,5.0,HR,,2010.0
158,159,56.0,Male,,70000.0,,,,2024.0
159,160,,Female,Pune,,5.0,,,2018.0
160,161,,Other,Delhi,40000.0,,,,2024.0
161,162,49.0,Female,Delhi,55000.0,9.0,Sales,,2012.0
162,163,21.0,Female,Bangalore,,,,,
163,164,47.0,Other,,75000.0,,,3.0,2022.0
164,165,54.0,Female,,,,,,2021.0
165,166,40.0,Male,Pune,20000.0,2.0,IT,3.0,
166,167,56.0,Female,Pune,,,Sales,2.0,2010.0
167,168,,Female,,35000.0,,HR,,
168,169,32.0,Male,Pune,,,IT,4.0,2022.0
169,170,,Female,,40000.0,14.0,Finance,5.0,2010.0
170,171,46.0,Other,Mumbai,,14.0,Sales,3.0,2019.0
171,172,53.0,Other,,135000.0,3.0,Sales,,2024.0
172,173,30.0,Female,Delhi,30000.0,8.0,Finance,3.0,2016.0
173,174,49.0,Male,Pune,70000.0,,Finance,,
174,175,24.0,,,,,Finance,,
175,176,,Female,,35000.0,,HR,4.0,2023.0
176,177,39.0,Male,Pune,145000.0,10.0,,,
177,178,45.0,Other,Mumbai,,,Sales,,2016.0
178,179,19.0,Female,Mumbai,,8.0,,3.0,
179,180,59.0,Female,Pune,,9.0,,,
180,181,,Female,Ahmedabad,,,Finance,1.0,2021.0
181,182,23.0,Male,Pune,,,HR,3.0,2017.0
182,183,45.0,Male,Pune,45000.0,12.0,IT,,2011.0
183,184,45.0,Male,Mumbai,90000.0,7.0,HR,4.0,2016.0
184,185,,Female,Mumbai,,6.0,,,2013.0
185,186,,Male,Pune,,,HR,3.0,
186,187,37.0,Male,Pune,,,Finance,1.0,2015.0
187,188,47.0,Male,Pune,,,IT,,2018.0
188,189,28.0,Female,Mumbai,,14.0,Finance,,2018.0
189,190,45.0,Other,Pune,,,IT,,2023.0
190,191,42.0,Male,Pune,,14.0,,3.0,2017.0
191,192,56.0,Male,Bangalore,130000.0,0.0,IT,,
192,193,50.0,Female,Ahmedabad,45000.0,,IT,2.0,2012.0
193,194,18.0,Female,Delhi,35000.0,13.0,IT,4.0,
194,195,44.0,Male,Ahmedabad,105000.0,4.0,HR,3.0,2014.0
195,196,,Female,Bangalore,60000.0,10.0,HR,,2023.0
196,197,30.0,Male,Delhi,,,,1.0,2013.0
197,198,58.0,Male,Pune,80000.0,1.0,IT,,2016.0
198,199,20.0,Female,Bangalore,100000.0,7.0,Sales,,
199,200,56.0,Male,Pune,,10.0,,2.0,2021.0
200,201,23.0,Other,Mumbai,,,IT,4.0,2011.0
201,202,25.0,Male,,125000.0,2.0,IT,,2020.0
202,203,44.0,Female,Bangalore,35000.0,0.0,HR,,2023.0
203,204,26.0,Female,Mumbai,40000.0,10.0,,,
204,205,54.0,Male,Bangalore,,,IT,2.0,
205,206,50.0,Female,Bangalore,,,IT,,2015.0
206,207,,Male,Mumbai,80000.0,,,,2013.0
207,208,59.0,,Delhi,,,Sales,,2024.0
208,209,,Male,Ahmedabad,,9.0,,,2010.0
209,210,41.0,Male,Pune,125000.0,,,1.0,2016.0
210,211,32.0,Male,Bangalore,130000.0,5.0,Sales,,2021.0
211,212,49.0,,Pune,30000.0,,,,2019.0
212,213,49.0,Female,,,3.0,IT,3.0,2014.0
213,214,41.0,Female,Mumbai,,12.0,,2.0,2021.0
214,215,58.0,Male,Pune,,,Sales,3.0,
215,216,,Female,Mumbai,,13.0,Finance,,2019.0
216,217,,Male,Pune,120000.0,2.0,,3.0,2015.0
217,218,,Female,Ahmedabad,,9.0,HR,,2021.0
218,219,,Male,Ahmedabad,,5.0,IT,5.0,2016.0
219,220,29.0,Male,Ahmedabad,120000.0,0.0,IT,,
220,221,56.0,Male,Ahmedabad,,,HR,,2011.0
221,222,19.0,Female,Ahmedabad,70000.0,,HR,,2019.0
222,223,20.0,Female,Ahmedabad,,13.0,,,2024.0
223,224,,Male,Mumbai,35000.0,7.0,HR,3.0,2021.0
224,225,54.0,Female,Bangalore,20000.0,,Finance,4.0,
225,226,,Female,Pune,,13.0,Sales,,2013.0
226,227,34.0,Female,Ahmedabad,135000.0,9.0,HR,,2016.0
227,228,,Male,Mumbai,,,HR,,2018.0
228,229,19.0,Male,Mumbai,80000.0,8.0,Finance,1.0,
229,230,19.0,Female,Mumbai,,5.0,IT,,2016.0
230,231,45.0,Male,Bangalore,70000.0,10.0,IT,,2011.0
231,232,40.0,Male,Pune,,,,,2015.0
232,233,54.0,Female,Bangalore,100000.0,6.0,Finance,4.0,
233,234,49.0,Other,Delhi,,,Sales,3.0,2015.0
234,235,50.0,Male,Mumbai,105000.0,0.0,Sales,3.0,2022.0
235,236,18.0,Male,Delhi,,,Finance,,
236,237,36.0,Female,,125000.0,4.0,Sales,,2011.0
237,238,19.0,Male,Ahmedabad,135000.0,8.0,IT,,2021.0
238,239,,Male,Ahmedabad,110000.0,,Sales,1.0,2024.0
239,240,43.0,Male,Bangalore,,,Sales,,2023.0
240,241,49.0,Female,Pune,,,Finance,,2015.0
241,242,23.0,Female,Delhi,120000.0,1.0,Finance,,
242,243,49.0,Male,Pune,55000.0,10.0,Sales,,2014.0
243,244,21.0,Male,Bangalore,,5.0,HR,,
244,245,28.0,Male,Ahmedabad,40000.0,7.0,Finance,5.0,2012.0
245,246,34.0,Female,Pune,100000.0,3.0,,1.0,2012.0
246,247,55.0,Male,Pune,,,,2.0,2019.0
247,248,41.0,Male,Ahmedabad,,10.0,IT,4.0,
248,249,22.0,Female,Delhi,110000.0,4.0,Sales,5.0,2012.0
249,250,,Male,Ahmedabad,,14.0,HR,,2021.0
250,251,51.0,Female,Pune,,,IT,1.0,
251,252,23.0,Male,Delhi,70000.0,1.0,Sales,3.0,
252,253,39.0,Male,Delhi,,,Finance,5.0,2016.0
253,254,28.0,Male,Ahmedabad,75000.0,10.0,,3.0,2022.0
254,255,,Female,Pune,120000.0,,HR,4.0,2011.0
255,256,33.0,Female,Bangalore,70000.0,12.0,,3.0,2013.0
256,257,50.0,Female,Pune,,3.0,Finance,4.0,2019.0
257,258,26.0,Male,Mumbai,,,Sales,1.0,2016.0
258,259,23.0,Female,,40000.0,6.0,Finance,,
259,260,33.0,Male,Bangalore,100000.0,10.0,Finance,4.0,
260,261,46.0,Male,Delhi,115000.0,,,,2015.0
261,262,20.0,Female,Bangalore,,,HR,2.0,
262,263,37.0,Male,Delhi,,3.0,Finance,2.0,2014.0
263,264,53.0,Male,Delhi,75000.0,14.0,,,2019.0
264,265,36.0,Male,Bangalore,45000.0,0.0,HR,2.0,2018.0
265,266,43.0,Male,Delhi,100000.0,,Sales,,2022.0
266,267,20.0,Male,Delhi,110000.0,2.0,Sales,2.0,
267,268,36.0,Female,Mumbai,145000.0,13.0,IT,4.0,2015.0
268,269,37.0,Male,Pune,,5.0,,,2013.0
269,270,49.0,Female,Pune,,,HR,,2012.0
270,271,24.0,Female,,,,Finance,3.0,2012.0
271,272,,Male,,45000.0,0.0,Sales,,2013.0
272,273,58.0,Male,Mumbai,,5.0,HR,2.0,2014.0
273,274,50.0,Male,,,5.0,,,2017.0
274,275,57.0,Female,Bangalore,70000.0,,IT,,
275,276,56.0,Male,Ahmedabad,,,Sales,4.0,2012.0
276,277,35.0,Female,Ahmedabad,135000.0,4.0,HR,1.0,2021.0
277,278,57.0,Male,Ahmedabad,130000.0,,HR,1.0,2017.0
278,279,18.0,Female,Mumbai,90000.0,9.0,HR,2.0,2022.0
279,280,28.0,Male,Mumbai,,,,,2013.0
280,281,45.0,Male,Delhi,70000.0,,,2.0,2023.0
281,282,42.0,Other,Ahmedabad,100000.0,6.0,,2.0,2023.0
282,283,,Female,Bangalore,85000.0,2.0,Finance,,2022.0
283,284,40.0,Male,,,12.0,HR,,2015.0
284,285,48.0,Female,Bangalore,105000.0,14.0,Sales,,
285,286,47.0,Female,,,,,,2013.0
286,287,59.0,Female,Ahmedabad,35000.0,,,,2017.0
287,288,52.0,Female,Ahmedabad,50000.0,2.0,HR,,
288,289,24.0,Male,Ahmedabad,,3.0,,,2012.0
289,290,33.0,Male,Mumbai,,4.0,Finance,2.0,
290,291,43.0,Male,,60000.0,0.0,Finance,1.0,2018.0
291,292,,Female,Mumbai,55000.0,3.0,,5.0,2011.0
292,293,,Female,Mumbai,,11.0,HR,,2022.0
293,294,,Male,Pune,100000.0,,HR,,
294,295,19.0,Male,Bangalore,100000.0,9.0,HR,4.0,2011.0
295,296,18.0,Female,Bangalore,,,IT,5.0,
296,297,,,Delhi,,,,5.0,2020.0
297,298,29.0,Female,Mumbai,55000.0,,HR,,2024.0
298,299,22.0,Male,,110000.0,,Finance,3.0,2020.0
299,300,54.0,Male,Pune,,,Sales,5.0,2012.0
300,301,49.0,Male,Pune,30000.0,,Sales,2.0,2012.0
301,302,26.0,Other,Bangalore,40000.0,12.0,HR,,2021.0
302,303,58.0,Male,Mumbai,80000.0,,Sales,1.0,2014.0
303,304,52.0,Female,Delhi,,13.0,Sales,1.0,
304,305,36.0,Male,Mumbai,,,IT,,2016.0
305,306,,Female,Ahmedabad,95000.0,4.0,Finance,,2016.0
306,307,33.0,Female,Mumbai,,3.0,Finance,2.0,2022.0
307,308,20.0,Female,Ahmedabad,125000.0,13.0,IT,4.0,2018.0
308,309,37.0,Male,Ahmedabad,,9.0,IT,5.0,2022.0
309,310,41.0,Male,Delhi,125000.0,,Sales,,2021.0
310,311,50.0,Male,,,9.0,,2.0,2022.0
311,312,41.0,Other,Bangalore,30000.0,6.0,Sales,,2019.0
312,313,,Female,Mumbai,65000.0,,IT,1.0,2010.0
313,314,28.0,Female,Ahmedabad,,0.0,Finance,,2017.0
314,315,,Female,Mumbai,120000.0,,Sales,,
315,316,25.0,Female,,95000.0,,,5.0,2022.0
316,317,53.0,Male,Bangalore,75000.0,8.0,Sales,5.0,2012.0
317,318,55.0,Other,,25000.0,5.0,HR,4.0,2012.0
318,319,57.0,Male,Bangalore,,,Sales,3.0,2014.0
319,320,37.0,Male,Pune,135000.0,12.0,IT,,2020.0
320,321,52.0,Female,Bangalore,,2.0,Finance,5.0,2016.0
321,322,,Male,Delhi,,6.0,Finance,,2019.0
322,323,42.0,Male,,,,IT,,2019.0
323,324,52.0,Female,Ahmedabad,,8.0,HR,5.0,
324,325,42.0,Male,Pune,110000.0,,IT,,2011.0
325,326,46.0,Female,Delhi,55000.0,4.0,Sales,,2012.0
326,327,35.0,Male,Mumbai,145000.0,9.0,IT,2.0,2017.0
327,328,,Male,,,,IT,,2020.0
328,329,35.0,Male,Ahmedabad,50000.0,,HR,4.0,2022.0
329,330,19.0,Male,Bangalore,,11.0,Sales,,2016.0
330,331,52.0,Female,Ahmedabad,50000.0,,,,2022.0
331,332,33.0,Male,Mumbai,30000.0,,,,2011.0
332,333,58.0,Female,Pune,20000.0,2.0,Finance,2.0,2015.0
333,334,53.0,Female,Pune,,,IT,,2018.0
334,335,50.0,Female,,140000.0,,Finance,,
335,336,21.0,Other,Pune,,8.0,HR,1.0,2011.0
336,337,50.0,Female,,20000.0,14.0,,2.0,
337,338,31.0,Male,,90000.0,4.0,IT,,
338,339,38.0,Male,,,,HR,1.0,2021.0
339,340,,Male,Bangalore,80000.0,12.0,HR,1.0,2016.0
340,341,37.0,Female,Delhi,,13.0,IT,1.0,2016.0
341,342,25.0,Male,,55000.0,,HR,,
342,343,24.0,Female,,40000.0,14.0,IT,4.0,2022.0
343,344,20.0,Female,Delhi,60000.0,,IT,4.0,2020.0
344,345,34.0,Male,Ahmedabad,20000.0,,Sales,2.0,2015.0
345,346,50.0,Female,,,12.0,Finance,1.0,2023.0
346,347,,Male,Bangalore,,,HR,,2015.0
347,348,29.0,Male,Pune,25000.0,,HR,,2015.0
348,349,,Female,Pune,,7.0,Sales,,2011.0
349,350,39.0,Female,Mumbai,130000.0,,Sales,4.0,
350,351,39.0,Female,Mumbai,60000.0,1.0,Sales,,2024.0
351,352,,Male,Pune,,4.0,,2.0,
352,353,47.0,Male,Pune,,5.0,,,2017.0
353,354,55.0,Female,Bangalore,85000.0,11.0,,2.0,2014.0
354,355,55.0,Female,Delhi,35000.0,,IT,,
355,356,,Female,Mumbai,,,HR,,
356,357,,Male,Delhi,,,Finance,,2010.0
357,358,25.0,Female,Bangalore,,0.0,IT,1.0,
358,359,44.0,Male,Pune,70000.0,,HR,,2024.0
359,360,44.0,Male,,,10.0,HR,2.0,2014.0
360,361,51.0,Other,Delhi,55000.0,9.0,Sales,,2016.0
361,362,38.0,Male,Pune,30000.0,,Sales,1.0,
362,363,47.0,,Pune,85000.0,13.0,IT,5.0,2015.0
363,364,50.0,Male,Ahmedabad,80000.0,9.0,Sales,,2014.0
364,365,45.0,Male,Delhi,,14.0,HR,,
365,366,,Female,,,,Sales,1.0,2019.0
366,367,50.0,Female,Delhi,,3.0,,2.0,2024.0
367,368,22.0,Female,Pune,,1.0,Sales,,2019.0
368,369,,Female,,110000.0,8.0,HR,,
369,370,36.0,Female,Bangalore,,9.0,IT,3.0,2021.0
370,371,21.0,Female,Ahmedabad,95000.0,10.0,Finance,,
371,372,52.0,Female,Pune,25000.0,13.0,Sales,2.0,2010.0
372,373,,Male,Mumbai,,6.0,HR,,
373,374,34.0,Female,Mumbai,100000.0,,Finance,4.0,2015.0
374,375,,Male,Ahmedabad,,14.0,Finance,3.0,2012.0
375,376,45.0,,Bangalore,,,,,2011.0
376,377,47.0,Other,Pune,95000.0,,Finance,,2011.0
377,378,46.0,Male,Delhi,,,HR,2.0,2022.0
378,379,,Female,Ahmedabad,25000.0,14.0,HR,,2018.0
379,380,23.0,Other,Bangalore,25000.0,,Sales,,
380,381,52.0,Male,Delhi,145000.0,7.0,Sales,,2014.0
381,382,58.0,Female,Mumbai,80000.0,10.0,Sales,,2016.0
382,383,54.0,Other,Mumbai,,8.0,Finance,,2022.0
383,384,41.0,Male,Delhi,,14.0,Finance,,
384,385,46.0,Female,Ahmedabad,,0.0,,1.0,2022.0
385,386,,Male,Mumbai,30000.0,0.0,Sales,4.0,2016.0
386,387,,Other,Pune,55000.0,,IT,1.0,2019.0
387,388,48.0,,,130000.0,2.0,,4.0,2024.0
388,389,52.0,Other,Delhi,85000.0,9.0,IT,2.0,2015.0
389,390,50.0,Female,Delhi,,7.0,Finance,5.0,2014.0
390,391,,Female,Mumbai,,14.0,,,2011.0
391,392,38.0,Female,Ahmedabad,,9.0,,,2024.0
392,393,49.0,Male,Pune,,0.0,HR,,
393,394,40.0,Female,Ahmedabad,20000.0,,Finance,3.0,
394,395,50.0,Male,Bangalore,100000.0,1.0,Finance,,2018.0
395,396,20.0,Female,Bangalore,,,,3.0,
396,397,35.0,Male,,,12.0,Finance,,2016.0
397,398,42.0,Male,Mumbai,80000.0,,,4.0,2013.0
398,399,59.0,Male,Mumbai,120000.0,0.0,HR,,2012.0
399,400,48.0,Female,Mumbai,110000.0,1.0,,,
400,401,20.0,Male,,110000.0,,Finance,,2020.0
401,402,57.0,Female,Bangalore,140000.0,14.0,Finance,1.0,2010.0
402,403,,Male,Ahmedabad,125000.0,12.0,,,2015.0
403,404,41.0,Male,,,,,1.0,2020.0
404,405,,Female,,100000.0,,,1.0,2010.0
405,406,49.0,Female,Ahmedabad,130000.0,,Sales,,2016.0
406,407,,Male,Mumbai,,6.0,Finance,,2015.0
407,408,39.0,Female,Pune,65000.0,,Finance,3.0,2023.0
408,409,40.0,Female,Ahmedabad,65000.0,,Sales,,2011.0
409,410,19.0,Female,Bangalore,,6.0,,,2013.0
410,411,44.0,Male,Delhi,55000.0,12.0,HR,,2020.0
411,412,59.0,Male,Delhi,115000.0,4.0,,3.0,2024.0
412,413,19.0,Female,,,,,,
413,414,43.0,Male,Delhi,85000.0,2.0,Sales,4.0,2010.0
414,415,34.0,Female,Pune,,6.0,Finance,3.0,2012.0
415,416,57.0,Female,Mumbai,,,,,2012.0
416,417,50.0,Other,Bangalore,135000.0,6.0,Finance,,2016.0
417,418,26.0,Female,Pune,90000.0,,IT,2.0,2010.0
418,419,,,Bangalore,125000.0,0.0,Finance,1.0,2020.0
419,420,,Male,Bangalore,,,HR,2.0,2015.0
420,421,56.0,Female,Mumbai,35000.0,,HR,,
421,422,46.0,Male,,80000.0,10.0,,,2012.0
422,423,59.0,Female,Delhi,130000.0,,Finance,1.0,
423,424,43.0,Female,Mumbai,55000.0,2.0,,,2011.0
424,425,52.0,Female,Pune,105000.0,14.0,Sales,,
425,426,,,,75000.0,,HR,,2021.0
426,427,42.0,Female,Pune,,10.0,,,2019.0
427,428,41.0,Male,,85000.0,,Sales,,2014.0
428,429,30.0,Male,Pune,,,,3.0,2018.0
429,430,24.0,Female,Mumbai,105000.0,,Finance,,2011.0
430,431,53.0,Male,,,8.0,Finance,,2011.0
431,432,,Male,,70000.0,,Finance,3.0,2015.0
432,433,37.0,Male,Bangalore,,,Finance,,2019.0
433,434,18.0,Male,Bangalore,75000.0,0.0,IT,2.0,
434,435,25.0,Male,Ahmedabad,90000.0,,Sales,3.0,2021.0
435,436,,Male,Pune,,,Sales,2.0,2013.0
436,437,33.0,Male,Bangalore,,,Finance,1.0,
437,438,31.0,Male,Ahmedabad,145000.0,8.0,IT,4.0,2024.0
438,439,29.0,,Bangalore,105000.0,,Finance,5.0,2015.0
439,440,,Male,Pune,,11.0,IT,,
440,441,40.0,Male,,125000.0,,Finance,5.0,
441,442,32.0,Female,Delhi,,,HR,1.0,2012.0
442,443,45.0,Male,Pune,100000.0,8.0,HR,3.0,2019.0
443,444,51.0,Other,Mumbai,130000.0,6.0,,1.0,2014.0
444,445,19.0,Female,Bangalore,135000.0,13.0,Finance,5.0,2023.0
445,446,49.0,Male,Bangalore,55000.0,,Sales,5.0,2022.0
446,447,40.0,Male,,,,,,2015.0
447,448,39.0,Female,Mumbai,45000.0,1.0,HR,,2021.0
448,449,,Other,,40000.0,8.0,Finance,,2017.0
449,450,42.0,Female,Mumbai,,12.0,,1.0,2014.0
450,451,39.0,Female,Delhi,,14.0,Finance,4.0,2024.0
451,452,39.0,Male,Bangalore,,2.0,HR,,
452,453,,,Bangalore,70000.0,10.0,,1.0,2010.0
453,454,,Male,Delhi,20000.0,,HR,,
454,455,59.0,Other,Ahmedabad,,13.0,IT,,2014.0
455,456,23.0,Female,,110000.0,,HR,,2012.0
456,457,32.0,Female,Delhi,60000.0,7.0,Finance,5.0,
457,458,,Female,,,,Sales,,2024.0
458,459,54.0,Male,Pune,,,HR,2.0,2022.0
459,460,50.0,Male,Bangalore,,,Sales,4.0,
460,461,25.0,Male,,35000.0,1.0,IT,,2020.0
461,462,,Male,Mumbai,,7.0,,3.0,2011.0
462,463,,Female,,105000.0,,,2.0,2015.0
463,464,22.0,Male,Pune,90000.0,5.0,Sales,,2015.0
464,465,56.0,Male,Bangalore,80000.0,11.0,,2.0,2023.0
465,466,21.0,,Delhi,110000.0,14.0,HR,1.0,2020.0
466,467,23.0,Female,Pune,45000.0,,Sales,5.0,2017.0
467,468,,Other,Bangalore,75000.0,7.0,Finance,,2017.0
468,469,49.0,,,,3.0,HR,,2010.0
469,470,,Male,Ahmedabad,100000.0,14.0,HR,,2016.0
470,471,47.0,Male,Ahmedabad,130000.0,,HR,4.0,2015.0
471,472,,Female,Mumbai,145000.0,,Finance,1.0,2017.0
472,473,52.0,Female,Bangalore,,,IT,,
473,474,57.0,Male,Ahmedabad,,12.0,,5.0,
474,475,,Female,Delhi,,,Sales,,2017.0
475,476,33.0,Male,Bangalore,140000.0,1.0,IT,,2023.0
476,477,30.0,Male,Delhi,65000.0,12.0,Sales,3.0,
477,478,,Female,Delhi,130000.0,12.0,,2.0,
478,479,59.0,Female,Ahmedabad,120000.0,,Finance,,2018.0
479,480,47.0,Female,Bangalore,120000.0,14.0,HR,1.0,2024.0
480,481,36.0,Male,,,,HR,,2019.0
481,482,34.0,Female,Pune,80000.0,9.0,Finance,,
482,483,36.0,Male,Ahmedabad,,2.0,IT,,2013.0
483,484,45.0,Male,Ahmedabad,,,IT,,
484,485,43.0,Female,,135000.0,2.0,Sales,,2022.0
485,486,54.0,,Bangalore,,,Finance,1.0,2014.0
486,487,43.0,Female,Bangalore,70000.0,13.0,IT,4.0,2016.0
487,488,40.0,Female,Delhi,100000.0,7.0,Finance,,2018.0
488,489,26.0,Female,,35000.0,,,,2017.0
489,490,29.0,Female,,140000.0,3.0,HR,5.0,
490,491,18.0,Male,Bangalore,,,HR,2.0,2015.0
491,492,18.0,Male,Delhi,60000.0,10.0,HR,,
492,493,,Male,Ahmedabad,120000.0,10.0,Finance,,2015.0
493,494,51.0,Male,Mumbai,115000.0,10.0,Finance,1.0,2023.0
494,495,49.0,Female,Pune,110000.0,1.0,Sales,,2010.0
495,496,,Female,Ahmedabad,110000.0,,HR,,2018.0
496,497,42.0,Male,Bangalore,75000.0,8.0,Sales,,2022.0
497,498,57.0,Male,Pune,,1.0,HR,,
498,499,,Female,Mumbai,,,Sales,3.0,
499,500,18.0,Male,Mumbai,100000.0,14.0,Sales,3.0,2020.0
500,501,33.0,Female,Delhi,,,,,2017.0
501,502,56.0,Female,Pune,,,Sales,2.0,2014.0
502,503,22.0,Female,Delhi,,3.0,Finance,1.0,2019.0
503,504,39.0,Female,Ahmedabad,,7.0,Sales,,2016.0
504,505,46.0,Female,,,8.0,HR,,2019.0
505,506,20.0,Male,,105000.0,4.0,Sales,,2013.0
506,507,29.0,Female,,85000.0,,IT,,2018.0
507,508,43.0,Female,Pune,,12.0,HR,3.0,2023.0
508,509,33.0,Male,,,6.0,IT,,2011.0
509,510,,Female,Ahmedabad,,,HR,2.0,2018.0
510,511,54.0,Female,Delhi,50000.0,,Finance,,2010.0
511,512,39.0,Female,Pune,,2.0,Finance,,2019.0
512,513,46.0,Female,Delhi,80000.0,4.0,Finance,1.0,2019.0
513,514,31.0,Female,Pune,105000.0,,IT,4.0,
514,515,45.0,Female,Delhi,,11.0,,,2012.0
515,516,22.0,Female,Mumbai,80000.0,6.0,HR,,2015.0
516,517,,Female,Delhi,,8.0,Finance,,2015.0
517,518,,Female,,,5.0,HR,,2011.0
518,519,47.0,Female,Mumbai,25000.0,,IT,,
519,520,,Female,Delhi,95000.0,,,2.0,2011.0
520,521,,Male,Pune,60000.0,,IT,4.0,2021.0
521,522,22.0,Female,Pune,60000.0,2.0,HR,5.0,2014.0
522,523,29.0,Female,Pune,,,,1.0,
523,524,33.0,Male,Bangalore,70000.0,3.0,,1.0,2016.0
524,525,43.0,Female,Ahmedabad,125000.0,9.0,IT,,
525,526,43.0,Male,Pune,,4.0,Finance,3.0,
526,527,,Male,Mumbai,,,HR,,2010.0
527,528,38.0,Female,Pune,,,Sales,3.0,2010.0
528,529,56.0,Male,Bangalore,130000.0,9.0,Sales,,
529,530,53.0,Female,,,11.0,IT,,2010.0
530,531,50.0,Female,Mumbai,,9.0,HR,1.0,
531,532,47.0,Female,Bangalore,,12.0,HR,2.0,2022.0
532,533,54.0,Male,,60000.0,10.0,IT,,2018.0
533,534,40.0,Male,Mumbai,135000.0,,HR,2.0,2024.0
534,535,27.0,Female,Delhi,55000.0,,Finance,4.0,2012.0
535,536,22.0,,Ahmedabad,50000.0,7.0,IT,2.0,2023.0
536,537,53.0,Female,Ahmedabad,,7.0,Finance,,2020.0
537,538,51.0,Male,Bangalore,105000.0,,HR,,2021.0
538,539,,Female,,30000.0,7.0,IT,,2022.0
539,540,48.0,Female,Ahmedabad,,12.0,HR,,2022.0
540,541,27.0,Female,,45000.0,1.0,IT,,2010.0
541,542,36.0,Male,,,11.0,HR,1.0,2019.0
542,543,49.0,Female,Bangalore,,9.0,Finance,,2012.0
543,544,18.0,Female,Bangalore,120000.0,11.0,Finance,,2013.0
544,545,22.0,,Bangalore,,10.0,HR,5.0,
545,546,,Male,Ahmedabad,,14.0,IT,5.0,2017.0
546,547,21.0,Female,Bangalore,20000.0,,Sales,,
547,548,33.0,Other,Ahmedabad,,,Finance,,
548,549,41.0,Male,Bangalore,120000.0,1.0,Finance,,
549,550,33.0,Other,Pune,,,Sales,,2024.0
550,551,19.0,Female,,,11.0,HR,,
551,552,,Male,Bangalore,80000.0,,IT,1.0,2024.0
552,553,45.0,Male,Mumbai,65000.0,,HR,1.0,2011.0
553,554,49.0,Female,,,,,,2020.0
554,555,44.0,Male,,65000.0,,Finance,5.0,2010.0
555,556,37.0,Female,Bangalore,,5.0,,,2024.0
556,557,41.0,Male,Delhi,80000.0,,Finance,2.0,
557,558,29.0,Female,Bangalore,,14.0,Finance,,2013.0
558,559,,Male,,,2.0,,,2020.0
559,560,52.0,Female,Mumbai,135000.0,5.0,,,2014.0
560,561,50.0,,,25000.0,2.0,HR,4.0,2012.0
561,562,50.0,,Mumbai,125000.0,0.0,,1.0,2022.0
562,563,,Female,Ahmedabad,100000.0,12.0,HR,1.0,2019.0
563,564,,Male,Pune,,,HR,5.0,2020.0
564,565,54.0,Female,,85000.0,13.0,HR,2.0,
565,566,29.0,Male,Bangalore,65000.0,12.0,Finance,,2011.0
566,567,20.0,Male,Ahmedabad,,3.0,Finance,,2016.0
567,568,18.0,Male,Pune,140000.0,6.0,,5.0,2018.0
568,569,50.0,Female,Bangalore,30000.0,,Finance,5.0,2019.0
569,570,57.0,Female,Delhi,,9.0,,2.0,
570,571,27.0,Female,Bangalore,100000.0,6.0,Finance,,2016.0
571,572,,Male,Mumbai,75000.0,,IT,,2016.0
572,573,,Male,Mumbai,135000.0,14.0,IT,,2012.0
573,574,46.0,,Delhi,,14.0,,1.0,2021.0
574,575,30.0,Male,Ahmedabad,,3.0,Finance,2.0,2016.0
575,576,29.0,Female,Pune,140000.0,,Finance,,
576,577,48.0,Male,Bangalore,,,HR,4.0,2010.0
577,578,,Female,Mumbai,145000.0,5.0,Sales,5.0,2014.0
578,579,19.0,Female,Ahmedabad,,,,2.0,
579,580,,Male,Delhi,20000.0,,Sales,1.0,2024.0
580,581,,Male,,115000.0,4.0,Sales,,2011.0
581,582,52.0,Female,Mumbai,,,,1.0,2018.0
582,583,40.0,Female,Delhi,95000.0,11.0,Finance,4.0,2016.0
583,584,34.0,Male,Bangalore,100000.0,0.0,,2.0,2013.0
584,585,43.0,,Pune,,7.0,Sales,4.0,
585,586,25.0,Male,Mumbai,,0.0,Finance,,
586,587,46.0,Male,Mumbai,75000.0,4.0,IT,,2013.0
587,588,43.0,Other,Bangalore,,,,,2022.0
588,589,27.0,Male,,,5.0,,5.0,2010.0
589,590,43.0,Female,Ahmedabad,,,Finance,,2012.0
590,591,51.0,Male,Pune,,2.0,IT,3.0,
591,592,,Male,Mumbai,,14.0,IT,,2013.0
592,593,58.0,,Pune,,4.0,Finance,4.0,
593,594,24.0,Male,Mumbai,45000.0,,HR,,
594,595,21.0,Female,Pune,50000.0,13.0,,,2010.0
595,596,,Male,Delhi,,,,,2014.0
596,597,,Male,Mumbai,,,Sales,,
597,598,28.0,Male,Pune,140000.0,5.0,Finance,1.0,2020.0
598,599,46.0,Female,Ahmedabad,,,Sales,2.0,2022.0
599,600,53.0,Male,Delhi,50000.0,,Sales,5.0,
600,601,42.0,Female,Delhi,75000.0,13.0,IT,3.0,2014.0
601,602,38.0,Female,Ahmedabad,95000.0,,,2.0,2013.0
602,603,53.0,,Pune,95000.0,7.0,Sales,1.0,2013.0
603,604,27.0,Male,Bangalore,,6.0,IT,,2013.0
604,605,54.0,Female,Ahmedabad,,7.0,Finance,3.0,2013.0
605,606,26.0,Female,Pune,80000.0,12.0,Sales,1.0,
606,607,41.0,Female,Ahmedabad,50000.0,5.0,,1.0,
607,608,52.0,Female,Ahmedabad,,,Sales,1.0,
608,609,,Female,Mumbai,60000.0,1.0,Finance,,
609,610,52.0,Female,Pune,,7.0,Sales,3.0,2018.0
610,611,,Male,Bangalore,70000.0,10.0,,1.0,
611,612,53.0,Male,Mumbai,55000.0,0.0,IT,,2011.0
612,613,35.0,Other,Ahmedabad,,,,,2013.0
613,614,,Female,,130000.0,5.0,IT,3.0,2021.0
614,615,56.0,Female,Ahmedabad,140000.0,,HR,,2016.0
615,616,49.0,Female,Ahmedabad,55000.0,,,4.0,2024.0
616,617,41.0,Male,Pune,,11.0,,4.0,2016.0
617,618,40.0,Male,Pune,125000.0,10.0,Finance,5.0,
618,619,49.0,Female,Mumbai,35000.0,9.0,Sales,,
619,620,54.0,Male,Bangalore,,2.0,IT,,
620,621,29.0,Male,Mumbai,30000.0,12.0,IT,4.0,2018.0
621,622,,Female,Delhi,,2.0,Finance,,2023.0
622,623,30.0,Male,Ahmedabad,,14.0,Finance,,
623,624,40.0,Female,,,,Sales,1.0,2014.0
624,625,42.0,Male,Ahmedabad,,12.0,Sales,1.0,2011.0
625,626,52.0,Female,Ahmedabad,,,,,
626,627,58.0,Male,Mumbai,,2.0,HR,,
627,628,47.0,Female,,80000.0,,Sales,,2023.0
628,629,34.0,Male,,90000.0,10.0,Finance,,2023.0
629,630,,Male,,130000.0,,Sales,,2010.0
630,631,37.0,Male,Mumbai,,,IT,,2012.0
631,632,,Female,Ahmedabad,145000.0,,HR,,2016.0
632,633,42.0,Female,Mumbai,35000.0,10.0,,4.0,2024.0
633,634,39.0,Male,Pune,145000.0,,IT,,
634,635,30.0,Female,Pune,,,IT,,
635,636,36.0,Female,Mumbai,60000.0,2.0,HR,,2011.0
636,637,,Female,,40000.0,,,,
637,638,53.0,Male,Ahmedabad,,5.0,Finance,,2018.0
638,639,29.0,Female,Mumbai,115000.0,13.0,,1.0,
639,640,58.0,Male,Mumbai,70000.0,,Sales,,2014.0
640,641,36.0,Male,Mumbai,90000.0,,IT,,
641,642,29.0,,Delhi,,,Sales,4.0,
642,643,26.0,Male,Pune,,3.0,Finance,3.0,2013.0
643,644,24.0,Female,,125000.0,,Sales,4.0,2021.0
644,645,45.0,Female,Bangalore,,14.0,,4.0,2016.0
645,646,31.0,Female,,100000.0,10.0,Sales,,2023.0
646,647,48.0,Female,Bangalore,145000.0,2.0,Finance,2.0,2021.0
647,648,,Male,Delhi,,2.0,Finance,1.0,2012.0
648,649,36.0,Male,Mumbai,50000.0,,Finance,,2014.0
649,650,,Female,Delhi,,4.0,,1.0,
650,651,33.0,Male,Delhi,145000.0,,Finance,,2019.0
651,652,22.0,Male,Ahmedabad,140000.0,9.0,IT,2.0,2019.0
652,653,52.0,Male,Pune,65000.0,,Finance,,2020.0
653,654,29.0,Male,Bangalore,,,Sales,5.0,
654,655,42.0,Male,Mumbai,110000.0,3.0,Sales,4.0,2014.0
655,656,,Male,Bangalore,70000.0,,Sales,,2022.0
656,657,38.0,Female,,80000.0,10.0,,2.0,2019.0
657,658,53.0,Female,Bangalore,55000.0,1.0,Sales,,2018.0
658,659,40.0,Female,,,9.0,,,
659,660,33.0,Male,Pune,35000.0,10.0,,,2010.0
660,661,56.0,Male,,,,Finance,,2013.0
661,662,,Male,Bangalore,,,IT,1.0,2013.0
662,663,59.0,Female,Bangalore,70000.0,,Finance,2.0,
663,664,56.0,Female,,,,Finance,4.0,2018.0
664,665,31.0,Male,Delhi,20000.0,,,4.0,
665,666,48.0,Other,Pune,,,,3.0,2023.0
666,667,22.0,Male,Ahmedabad,135000.0,10.0,Sales,,2024.0
667,668,52.0,Female,Mumbai,,13.0,Sales,,2015.0
668,669,40.0,Female,Bangalore,,1.0,Finance,2.0,2019.0
669,670,46.0,Female,Mumbai,,,HR,4.0,2024.0
670,671,,Female,Ahmedabad,145000.0,4.0,HR,3.0,2013.0
671,672,28.0,Female,Mumbai,40000.0,4.0,Sales,2.0,
672,673,35.0,Male,Ahmedabad,115000.0,,HR,,
673,674,,Female,,,,Sales,4.0,
674,675,29.0,Male,Delhi,70000.0,11.0,,,2021.0
675,676,26.0,Female,Bangalore,,,Finance,2.0,2016.0
676,677,27.0,Female,Ahmedabad,,3.0,IT,4.0,
677,678,,Female,Mumbai,,,Finance,,2020.0
678,679,34.0,Female,Bangalore,,,Sales,5.0,2023.0
679,680,55.0,Female,Delhi,90000.0,9.0,Sales,3.0,2012.0
680,681,24.0,Female,,,,Finance,,
681,682,,Female,Bangalore,120000.0,5.0,Sales,,
682,683,30.0,Male,Ahmedabad,,,HR,3.0,2019.0
683,684,57.0,Male,Delhi,40000.0,13.0,HR,,2015.0
684,685,59.0,Male,Mumbai,45000.0,10.0,Sales,4.0,2022.0
685,686,26.0,Male,Delhi,,10.0,Sales,5.0,2019.0
686,687,,Female,Delhi,125000.0,,HR,5.0,
687,688,44.0,Male,Pune,105000.0,,Sales,,
688,689,19.0,,Delhi,85000.0,,Sales,5.0,
689,690,22.0,Male,Delhi,65000.0,,Finance,3.0,2015.0
690,691,46.0,Male,Bangalore,,,IT,,2022.0
691,692,54.0,Female,Mumbai,80000.0,,HR,5.0,2013.0
692,693,55.0,Female,Bangalore,,10.0,Finance,,2023.0
693,694,36.0,Female,Bangalore,,,IT,5.0,2010.0
694,695,25.0,Female,Ahmedabad,30000.0,11.0,Sales,5.0,
695,696,,Female,Bangalore,,4.0,Sales,,2014.0
696,697,,Male,Pune,45000.0,,Finance,3.0,2017.0
697,698,18.0,,Pune,,8.0,Sales,,2021.0
698,699,39.0,,Ahmedabad,55000.0,,,1.0,2011.0
699,700,,Female,,,8.0,Finance,,2021.0
700,701,34.0,Male,Mumbai,,,IT,5.0,2014.0
701,702,24.0,Female,Mumbai,,9.0,Finance,,2014.0
702,703,42.0,Male,Bangalore,,,HR,5.0,2022.0
703,704,,Male,Bangalore,,,Finance,,2018.0
704,705,21.0,Male,,100000.0,0.0,Sales,,2019.0
705,706,53.0,Female,Bangalore,70000.0,6.0,Sales,,2010.0
706,707,23.0,Female,Mumbai,80000.0,3.0,,,2012.0
707,708,48.0,Female,Delhi,70000.0,0.0,,,
708,709,36.0,Female,Pune,,14.0,,3.0,2021.0
709,710,,Male,Delhi,,7.0,IT,,2012.0
710,711,56.0,Male,Delhi,,11.0,,,2018.0
711,712,44.0,Male,Mumbai,45000.0,,IT,,2011.0
712,713,27.0,,Delhi,,,,,2012.0
713,714,43.0,Male,,95000.0,,IT,,2023.0
714,715,36.0,Female,Ahmedabad,35000.0,14.0,Finance,2.0,2013.0
715,716,56.0,Female,Bangalore,,,Finance,,
716,717,20.0,Male,Ahmedabad,145000.0,13.0,Sales,,2022.0
717,718,,Female,Pune,75000.0,13.0,IT,,2016.0
718,719,30.0,Female,Bangalore,70000.0,,HR,1.0,2021.0
719,720,,Female,Delhi,,,Sales,1.0,2012.0
720,721,45.0,Other,Pune,140000.0,,Finance,3.0,2018.0
721,722,37.0,Male,Bangalore,105000.0,,IT,3.0,2011.0
722,723,45.0,Male,,110000.0,0.0,,1.0,2018.0
723,724,25.0,Female,,130000.0,,HR,,2021.0
724,725,58.0,Other,,,10.0,Finance,4.0,2021.0
725,726,56.0,Male,,105000.0,14.0,Sales,,2024.0
726,727,18.0,Female,Delhi,145000.0,11.0,IT,2.0,2011.0
727,728,20.0,Female,Ahmedabad,45000.0,7.0,HR,,
728,729,30.0,Female,Bangalore,35000.0,,IT,5.0,2022.0
729,730,45.0,Male,Delhi,,,,,2023.0
730,731,,Female,,,5.0,Sales,,2014.0
731,732,42.0,Other,Ahmedabad,,2.0,IT,4.0,2019.0
732,733,50.0,Male,Pune,100000.0,,Finance,2.0,2021.0
733,734,55.0,Male,Pune,,12.0,Sales,5.0,2019.0
734,735,23.0,,Pune,,12.0,Finance,3.0,2020.0
735,736,,Male,,95000.0,1.0,IT,2.0,2011.0
736,737,,Female,Pune,25000.0,4.0,Sales,1.0,2014.0
737,738,49.0,Female,Mumbai,,,Finance,,2016.0
738,739,,Male,Bangalore,55000.0,5.0,,2.0,2015.0
739,740,,Female,Bangalore,80000.0,1.0,,,2012.0
740,741,38.0,Male,,,3.0,IT,,2022.0
741,742,33.0,Female,Mumbai,55000.0,,Sales,3.0,2012.0
742,743,38.0,Male,Delhi,,10.0,HR,,2015.0
743,744,28.0,Female,Delhi,,7.0,Sales,,2020.0
744,745,54.0,Male,Pune,,11.0,,2.0,
745,746,53.0,Male,Ahmedabad,,7.0,Finance,,2019.0
746,747,52.0,,Delhi,20000.0,10.0,HR,,2021.0
747,748,36.0,Male,Ahmedabad,,,IT,5.0,
748,749,37.0,Female,Bangalore,,,HR,4.0,2013.0
749,750,35.0,Male,Ahmedabad,100000.0,7.0,IT,,2011.0
750,751,,Female,Bangalore,115000.0,7.0,HR,5.0,2020.0
751,752,58.0,Male,Mumbai,135000.0,,IT,4.0,2016.0
752,753,,,Mumbai,125000.0,,IT,,2011.0
753,754,31.0,Female,,,,HR,4.0,
754,755,32.0,Male,,125000.0,,HR,,2013.0
755,756,48.0,Male,Pune,,,IT,,2017.0
756,757,18.0,Male,Delhi,60000.0,13.0,,2.0,
757,758,20.0,Female,Pune,,10.0,HR,5.0,2023.0
758,759,33.0,Male,Bangalore,65000.0,6.0,Sales,,2021.0
759,760,40.0,Female,Pune,,,Finance,5.0,
760,761,28.0,Male,Ahmedabad,,12.0,IT,2.0,2020.0
761,762,29.0,Male,Bangalore,,14.0,IT,,2017.0
762,763,27.0,Female,,,,Finance,4.0,2011.0
763,764,49.0,Female,Mumbai,,,,,2024.0
764,765,33.0,Male,,,,Finance,,2018.0
765,766,25.0,Male,Delhi,120000.0,,HR,,
766,767,55.0,Male,Bangalore,135000.0,,Finance,,
767,768,29.0,Female,Bangalore,,8.0,IT,1.0,2017.0
768,769,41.0,Female,Ahmedabad,,2.0,Finance,,
769,770,45.0,Female,Delhi,25000.0,,Sales,,2014.0
770,771,25.0,Female,Mumbai,55000.0,,HR,,2020.0
771,772,45.0,Female,Bangalore,,4.0,Finance,,2024.0
772,773,53.0,Female,Bangalore,125000.0,9.0,IT,,2017.0
773,774,43.0,Female,Ahmedabad,,,HR,,
774,775,25.0,Male,Pune,,14.0,IT,,2017.0
775,776,,Male,Mumbai,,,,,
776,777,45.0,Male,,30000.0,,Sales,,
777,778,45.0,Male,Delhi,,7.0,,1.0,2019.0
778,779,54.0,Female,Bangalore,80000.0,14.0,Sales,3.0,2016.0
779,780,58.0,Other,Bangalore,,,Finance,2.0,2018.0
780,781,53.0,Male,,65000.0,13.0,HR,,2010.0
781,782,44.0,Male,Mumbai,,,Finance,,
782,783,34.0,Female,Pune,60000.0,6.0,Sales,3.0,2014.0
783,784,26.0,Other,Bangalore,,,Sales,,
784,785,50.0,Male,Mumbai,,,Sales,,2010.0
785,786,37.0,Female,,20000.0,11.0,IT,,2024.0
786,787,30.0,Male,Ahmedabad,,,HR,5.0,
787,788,45.0,Male,Pune,140000.0,,Finance,,2016.0
788,789,,,Delhi,,9.0,Finance,,2021.0
789,790,46.0,,Bangalore,50000.0,,,5.0,2017.0
790,791,30.0,Male,Mumbai,30000.0,13.0,Sales,,2014.0
791,792,,,Ahmedabad,115000.0,10.0,Sales,,2019.0
792,793,52.0,Female,Delhi,115000.0,1.0,Sales,,2014.0
793,794,23.0,Female,Mumbai,,,Finance,1.0,
794,795,35.0,Female,Mumbai,,6.0,,2.0,2014.0
795,796,,Female,Delhi,,11.0,IT,,2024.0
796,797,22.0,Female,Ahmedabad,,1.0,HR,,2022.0
797,798,,Female,,,,IT,4.0,2010.0
798,799,42.0,Male,Ahmedabad,145000.0,,Finance,,2020.0
799,800,19.0,Male,Pune,85000.0,5.0,Sales,,2010.0
800,801,27.0,Male,Bangalore,100000.0,,HR,,2020.0
801,802,47.0,Female,Delhi,105000.0,9.0,Finance,4.0,
802,803,,Male,,,,Finance,,
803,804,,Female,Delhi,,14.0,Finance,,
804,805,22.0,,Delhi,115000.0,4.0,HR,,2022.0
805,806,50.0,Male,Ahmedabad,,,HR,,2016.0
806,807,18.0,Female,Bangalore,105000.0,2.0,,,2010.0
807,808,35.0,Male,Pune,35000.0,4.0,,2.0,
808,809,49.0,Female,Mumbai,20000.0,,IT,,2010.0
809,810,,Male,Mumbai,20000.0,7.0,HR,4.0,
810,811,,Female,Delhi,145000.0,7.0,HR,,2015.0
811,812,28.0,Female,Bangalore,,7.0,HR,,2011.0
812,813,38.0,Other,,115000.0,11.0,,,
813,814,43.0,Female,Ahmedabad,130000.0,,Finance,,2015.0
814,815,42.0,Female,Bangalore,65000.0,,Sales,1.0,2023.0
815,816,39.0,Female,Bangalore,70000.0,7.0,,5.0,
816,817,44.0,Female,Ahmedabad,,10.0,HR,2.0,2015.0
817,818,,Female,Delhi,,13.0,,2.0,2019.0
818,819,30.0,Male,Bangalore,40000.0,7.0,IT,1.0,
819,820,50.0,Other,Mumbai,20000.0,,HR,5.0,2018.0
820,821,51.0,Female,Ahmedabad,100000.0,9.0,IT,2.0,2017.0
821,822,58.0,Female,,125000.0,6.0,HR,4.0,2019.0
822,823,52.0,Male,Pune,,,,3.0,
823,824,18.0,Female,Delhi,,3.0,Finance,3.0,2015.0
824,825,38.0,Male,Ahmedabad,,12.0,Sales,2.0,2023.0
825,826,,Female,Pune,,3.0,IT,,2015.0
826,827,23.0,Male,Pune,35000.0,4.0,,2.0,2016.0
827,828,45.0,Female,,40000.0,,Finance,,2021.0
828,829,34.0,,Bangalore,70000.0,3.0,,,2012.0
829,830,22.0,Male,,120000.0,,IT,5.0,2023.0
830,831,48.0,,Bangalore,,5.0,Sales,,
831,832,22.0,Male,Bangalore,75000.0,,,,
832,833,55.0,Female,Ahmedabad,145000.0,,HR,4.0,2016.0
833,834,20.0,Female,Ahmedabad,110000.0,,Finance,1.0,2017.0
834,835,40.0,Female,Delhi,,,,2.0,
835,836,54.0,Female,Bangalore,50000.0,1.0,Finance,,2022.0
836,837,54.0,Female,Pune,50000.0,,HR,,2018.0
837,838,27.0,Male,Mumbai,145000.0,10.0,Sales,4.0,2019.0
838,839,27.0,Male,Delhi,,13.0,Sales,1.0,2018.0
839,840,36.0,Female,Ahmedabad,40000.0,4.0,HR,,2024.0
840,841,34.0,Female,,120000.0,5.0,Finance,,
841,842,38.0,Female,Delhi,85000.0,9.0,,4.0,2011.0
842,843,31.0,Female,Delhi,35000.0,7.0,HR,,2022.0
843,844,26.0,Male,Delhi,130000.0,13.0,IT,3.0,2011.0
844,845,,Female,Delhi,,,Finance,2.0,
845,846,18.0,Male,Mumbai,115000.0,2.0,Sales,5.0,2011.0
846,847,,Female,,90000.0,11.0,HR,3.0,2012.0
847,848,,Male,,,,Sales,,2015.0
848,849,30.0,Male,,,,Finance,,2012.0
849,850,21.0,Male,Bangalore,55000.0,,Sales,,2019.0
850,851,18.0,Male,Pune,,0.0,HR,1.0,2015.0
851,852,,Female,,110000.0,,Finance,,
852,853,57.0,Male,Delhi,,9.0,IT,2.0,
853,854,49.0,Male,Delhi,,,HR,5.0,
854,855,51.0,Male,,,,,,2012.0
855,856,45.0,Male,,,9.0,HR,,
856,857,48.0,Male,Delhi,,,Finance,2.0,2016.0
857,858,25.0,Male,Bangalore,35000.0,,HR,,2018.0
858,859,56.0,Female,Ahmedabad,90000.0,1.0,IT,5.0,
859,860,43.0,Female,Ahmedabad,,8.0,IT,,2021.0
860,861,51.0,Female,,,,,,2014.0
861,862,20.0,Female,Mumbai,20000.0,12.0,Sales,3.0,2012.0
862,863,,Male,,30000.0,,Finance,3.0,2020.0
863,864,29.0,Female,,135000.0,,Finance,,2013.0
864,865,18.0,Female,Ahmedabad,,,Sales,,2014.0
865,866,,Female,Delhi,,,IT,,2010.0
866,867,22.0,Male,,,11.0,IT,,
867,868,47.0,Male,Delhi,,7.0,HR,2.0,2021.0
868,869,47.0,Male,Delhi,,,,2.0,2022.0
869,870,34.0,Male,Mumbai,135000.0,14.0,,5.0,2018.0
870,871,,Female,Delhi,135000.0,9.0,,,2011.0
871,872,,Female,Ahmedabad,,14.0,HR,2.0,2014.0
872,873,40.0,Female,Bangalore,35000.0,14.0,,5.0,2022.0
873,874,32.0,Female,Bangalore,30000.0,,Sales,,
874,875,54.0,Female,Pune,,6.0,HR,,
875,876,38.0,Female,,130000.0,12.0,Sales,,2012.0
876,877,31.0,,Ahmedabad,130000.0,,HR,,2013.0
877,878,19.0,Male,Delhi,,8.0,,,2020.0
878,879,28.0,Male,Bangalore,40000.0,7.0,Sales,,2023.0
879,880,,Male,Ahmedabad,,,Sales,,2012.0
880,881,56.0,Female,Bangalore,,,Sales,5.0,
881,882,55.0,Female,Delhi,45000.0,,HR,5.0,2024.0
882,883,51.0,Male,Bangalore,,12.0,Finance,,2019.0
883,884,55.0,Other,,65000.0,,,4.0,2018.0
884,885,,Male,,,8.0,Sales,,2020.0
885,886,51.0,Other,Pune,50000.0,11.0,Finance,5.0,
886,887,35.0,Male,Pune,,11.0,,2.0,2019.0
887,888,47.0,Male,Bangalore,,5.0,,,
888,889,32.0,Female,Ahmedabad,120000.0,,Sales,,
889,890,44.0,Male,,115000.0,6.0,Sales,,2011.0
890,891,,Male,Ahmedabad,30000.0,,HR,,2011.0
891,892,51.0,Male,Ahmedabad,125000.0,2.0,Finance,3.0,2015.0
892,893,,Female,Bangalore,35000.0,,Finance,4.0,
893,894,55.0,Female,Ahmedabad,,,Sales,5.0,2017.0
894,895,50.0,Male,,75000.0,,,,2012.0
895,896,41.0,Female,Delhi,,,Sales,1.0,2023.0
896,897,32.0,Female,Pune,,6.0,,4.0,
897,898,47.0,Male,Delhi,,3.0,,,2010.0
898,899,59.0,Male,Ahmedabad,40000.0,,Sales,5.0,2012.0
899,900,,Male,Delhi,80000.0,7.0,IT,,
900,901,34.0,Male,,130000.0,12.0,Finance,5.0,2018.0
901,902,22.0,Female,,,12.0,,1.0,2015.0
902,903,46.0,Male,Ahmedabad,,,,,2010.0
903,904,21.0,Female,Bangalore,140000.0,,IT,,2019.0
904,905,27.0,Female,Delhi,,4.0,HR,,2015.0
905,906,34.0,Male,Bangalore,85000.0,5.0,IT,4.0,2021.0
906,907,27.0,Female,Bangalore,,,IT,,2013.0
907,908,34.0,Male,Mumbai,,12.0,,5.0,2022.0
908,909,37.0,,Ahmedabad,95000.0,,Finance,,
909,910,41.0,Female,Pune,125000.0,13.0,IT,,2017.0
910,911,22.0,Female,,120000.0,,HR,,
911,912,51.0,Female,,120000.0,3.0,Sales,5.0,2012.0
912,913,23.0,Male,Ahmedabad,55000.0,6.0,IT,1.0,2021.0
913,914,19.0,Female,Pune,95000.0,7.0,IT,,2016.0
914,915,30.0,,,,,HR,5.0,2021.0
915,916,,Female,Ahmedabad,,12.0,Finance,,2011.0
916,917,,Female,,65000.0,5.0,IT,4.0,2023.0
917,918,,Female,Bangalore,,5.0,IT,,2014.0
918,919,28.0,Male,Delhi,,,Finance,,2018.0
919,920,,Male,Delhi,60000.0,,HR,3.0,2020.0
920,921,,Female,,100000.0,2.0,IT,5.0,2014.0
921,922,40.0,Male,Mumbai,70000.0,2.0,Finance,2.0,2012.0
922,923,33.0,Female,Pune,,12.0,IT,2.0,
923,924,48.0,Other,Pune,65000.0,,Sales,,2011.0
924,925,28.0,Male,Pune,125000.0,1.0,,,2010.0
925,926,33.0,Male,Bangalore,100000.0,,Sales,,2016.0
926,927,25.0,Female,Pune,35000.0,,IT,,2023.0
927,928,21.0,Male,Delhi,140000.0,5.0,HR,,2014.0
928,929,57.0,Female,Bangalore,120000.0,7.0,,4.0,
929,930,21.0,Male,Ahmedabad,,,Sales,5.0,2020.0
930,931,42.0,Female,Pune,,7.0,Finance,1.0,2011.0
931,932,20.0,Male,Pune,20000.0,,HR,,2017.0
932,933,49.0,Female,Ahmedabad,140000.0,5.0,Sales,,2018.0
933,934,20.0,Female,Pune,,13.0,Finance,,2012.0
934,935,44.0,Female,Ahmedabad,100000.0,2.0,IT,,2011.0
935,936,46.0,Male,Bangalore,,9.0,Finance,5.0,2016.0
936,937,49.0,Female,Delhi,135000.0,2.0,Sales,3.0,2014.0
937,938,,Female,Ahmedabad,25000.0,11.0,Sales,,2014.0
938,939,,Male,Mumbai,,,IT,,
939,940,36.0,Male,Ahmedabad,90000.0,4.0,Finance,,2022.0
940,941,38.0,Male,Pune,,,Finance,5.0,
941,942,22.0,Female,Bangalore,,,IT,3.0,2015.0
942,943,35.0,Female,,45000.0,8.0,Finance,,
943,944,45.0,Female,Bangalore,20000.0,,IT,3.0,
944,945,59.0,Male,,130000.0,,HR,,2011.0
945,946,39.0,Male,Ahmedabad,,6.0,Sales,,2015.0
946,947,38.0,Female,Delhi,100000.0,,HR,4.0,2018.0
947,948,23.0,Female,Mumbai,,3.0,,2.0,2012.0
948,949,18.0,,Bangalore,,12.0,,,2010.0
949,950,22.0,Male,Pune,,12.0,,4.0,2010.0
950,951,58.0,Female,,60000.0,9.0,IT,,
951,952,29.0,Male,Pune,80000.0,,Finance,,2014.0
952,953,43.0,Male,Delhi,45000.0,,HR,2.0,2022.0
953,954,,Female,,45000.0,,HR,4.0,
954,955,51.0,Female,Bangalore,115000.0,,HR,5.0,2021.0
955,956,,,Ahmedabad,30000.0,12.0,HR,3.0,
956,957,31.0,Male,Pune,100000.0,,,,
957,958,43.0,Male,Delhi,75000.0,,HR,5.0,2012.0
958,959,,Female,Bangalore,,3.0,Finance,2.0,2021.0
959,960,44.0,Female,Bangalore,20000.0,0.0,,3.0,2014.0
960,961,26.0,Male,Bangalore,100000.0,0.0,HR,,2011.0
961,962,43.0,Male,Bangalore,30000.0,14.0,IT,,2016.0
962,963,,Male,,145000.0,12.0,Sales,2.0,2022.0
963,964,39.0,Female,Bangalore,90000.0,,Sales,,2024.0
964,965,,Male,Pune,,,Sales,4.0,2012.0
965,966,47.0,Male,Delhi,,7.0,,,
966,967,,Male,,,,HR,2.0,2014.0
967,968,,Male,Bangalore,35000.0,12.0,,,2017.0
968,969,34.0,Male,Mumbai,105000.0,,Finance,4.0,2010.0
969,970,43.0,Female,Mumbai,110000.0,13.0,IT,5.0,2017.0
970,971,53.0,Male,Delhi,,7.0,IT,2.0,
971,972,18.0,Female,Ahmedabad,,7.0,Sales,,
972,973,25.0,Male,Ahmedabad,,14.0,Sales,1.0,
973,974,,Female,,85000.0,12.0,Sales,,
974,975,52.0,Female,,,6.0,HR,,
975,976,,Female,,85000.0,4.0,Finance,1.0,2021.0
976,977,32.0,Female,Ahmedabad,,,Finance,,2022.0
977,978,,Male,Mumbai,35000.0,,Finance,3.0,2022.0
978,979,39.0,Male,Ahmedabad,135000.0,,Finance,,2019.0
979,980,31.0,Female,Pune,,,Sales,,2016.0
980,981,43.0,,Bangalore,110000.0,1.0,IT,,2023.0
981,982,45.0,Female,,45000.0,,Sales,,
982,983,40.0,Female,Mumbai,,,Finance,1.0,2024.0
983,984,31.0,Female,Delhi,,,Sales,,2021.0
984,985,41.0,Female,Delhi,110000.0,6.0,Finance,,2018.0
985,986,19.0,Male,Bangalore,20000.0,12.0,,,2017.0
986,987,,Female,Mumbai,40000.0,,IT,4.0,
987,988,43.0,,Ahmedabad,,13.0,,1.0,
988,989,31.0,Male,Ahmedabad,95000.0,,HR,,2022.0
989,990,,Female,Pune,45000.0,12.0,Sales,4.0,
990,991,24.0,Male,Pune,,10.0,HR,,2024.0
991,992,20.0,Female,Ahmedabad,80000.0,,Sales,,2013.0
992,993,,Male,Delhi,,,,2.0,
993,994,40.0,Female,,110000.0,,Finance,1.0,2014.0
994,995,,Female,Delhi,75000.0,,Finance,,
995,996,,Male,Pune,95000.0,,Sales,,2018.0
996,997,,Female,Bangalore,,7.0,Finance,,2019.0
997,998,,Female,Ahmedabad,65000.0,,,,
998,999,35.0,Other,Pune,140000.0,,Finance,3.0,
999,1000,55.0,Male,Pune,115000.0,14.0,,2.0,
